ref_area,ref_area.label,source,source.label,indicator,indicator.label,sex,sex.label,classif1,classif1.label,classif2,classif2.label,time,obs_value
AFG,Afghanistan,XA:2198,AFG - ILO - ILO modelled estimates,UNE_2EAP_SEX_AGE_GEO_RT,"Unemployment rate by sex, age and rural / urban areas -- ILO modelled estimates, Nov. 2019 (%)",SEX_T,Sex: Total,AGE_YTHADULT_YGE15,"Age (Youth, adults): 15+",GEO_COV_NAT,Area type: National,2020,11.164
AGO,Angola,XA:2010,AGO - ILO - ILO modelled estimates,UNE_2EAP_SEX_AGE_GEO_RT,"Unemployment rate by sex, age and rural / urban areas -- ILO modelled estimates, Nov. 2019 (%)",SEX_T,Sex: Total,AGE_YTHADULT_YGE15,"Age (Youth, adults): 15+",GEO_COV_NAT,Area type: National,2020,6.774
ALB,Albania,XA:2137,ALB - ILO - ILO modelled estimates,UNE_2EAP_SEX_AGE_GEO_RT,"Unemployment rate by sex, age and rural / urban areas -- ILO modelled estimates, Nov. 2019 (%)",SEX_T,Sex: Total,AGE_YTHADULT_YGE15,"Age (Youth, adults): 15+",GEO_COV_NAT,Area type: National,2020,12.813
ARE,United Arab Emirates,XA:1978,ARE - ILO - ILO modelled estimates,UNE_2EAP_SEX_AGE_GEO_RT,"Unemployment rate by sex, age and rural / urban areas -- ILO modelled estimates, Nov. 2019 (%)",SEX_T,Sex: Total,AGE_YTHADULT_YGE15,"Age (Youth, adults): 15+",GEO_COV_NAT,Area type: National,2020,2.447
ARG,Argentina,XA:1868,ARG - ILO - ILO modelled estimates,UNE_2EAP_SEX_AGE_GEO_RT,"Unemployment rate by sex, age and rural / urban areas -- ILO modelled estimates, Nov. 2019 (%)",SEX_T,Sex: Total,AGE_YTHADULT_YGE15,"Age (Youth, adults): 15+",GEO_COV_NAT,Area type: National,2020,10.436
ARM,Armenia,XA:1931,ARM - ILO - ILO modelled estimates,UNE_2EAP_SEX_AGE_GEO_RT,"Unemployment rate by sex, age and rural / urban areas -- ILO modelled estimates, Nov. 2019 (%)",SEX_T,Sex: Total,AGE_YTHADULT_YGE15,"Age (Youth, adults): 15+",GEO_COV_NAT,Area type: National,2020,16.625
AUS,Australia,XA:2202,AUS - ILO - ILO modelled estimates,UNE_2EAP_SEX_AGE_GEO_RT,"Unemployment rate by sex, age and rural / urban areas -- ILO modelled estimates, Nov. 2019 (%)",SEX_T,Sex: Total,AGE_YTHADULT_YGE15,"Age (Youth, adults): 15+",GEO_COV_NAT,Area type: National,2020,5.328
AUT,Austria,XA:2089,AUT - ILO - ILO modelled estimates,UNE_2EAP_SEX_AGE_GEO_RT,"Unemployment rate by sex, age and rural / urban areas -- ILO modelled estimates, Nov. 2019 (%)",SEX_T,Sex: Total,AGE_YTHADULT_YGE15,"Age (Youth, adults): 15+",GEO_COV_NAT,Area type: National,2020,4.779
AZE,Azerbaijan,XA:2121,AZE - ILO - ILO modelled estimates,UNE_2EAP_SEX_AGE_GEO_RT,"Unemployment rate by sex, age and rural / urban areas -- ILO modelled estimates, Nov. 2019 (%)",SEX_T,Sex: Total,AGE_YTHADULT_YGE15,"Age (Youth, adults): 15+",GEO_COV_NAT,Area type: National,2020,5.96
BDI,Burundi,XA:2153,BDI - ILO - ILO modelled estimates,UNE_2EAP_SEX_AGE_GEO_RT,"Unemployment rate by sex, age and rural / urban areas -- ILO modelled estimates, Nov. 2019 (%)",SEX_T,Sex: Total,AGE_YTHADULT_YGE15,"Age (Youth, adults): 15+",GEO_COV_NAT,Area type: National,2020,1.408
BEL,Belgium,XA:2185,BEL - ILO - ILO modelled estimates,UNE_2EAP_SEX_AGE_GEO_RT,"Unemployment rate by sex, age and rural / urban areas -- ILO modelled estimates, Nov. 2019 (%)",SEX_T,Sex: Total,AGE_YTHADULT_YGE15,"Age (Youth, adults): 15+",GEO_COV_NAT,Area type: National,2020,5.692
BEN,Benin,XA:2018,BEN - ILO - ILO modelled estimates,UNE_2EAP_SEX_AGE_GEO_RT,"Unemployment rate by sex, age and rural / urban areas -- ILO modelled estimates, Nov. 2019 (%)",SEX_T,Sex: Total,AGE_YTHADULT_YGE15,"Age (Youth, adults): 15+",GEO_COV_NAT,Area type: National,2020,2.023
BFA,Burkina Faso,XA:2034,BFA - ILO - ILO modelled estimates,UNE_2EAP_SEX_AGE_GEO_RT,"Unemployment rate by sex, age and rural / urban areas -- ILO modelled estimates, Nov. 2019 (%)",SEX_T,Sex: Total,AGE_YTHADULT_YGE15,"Age (Youth, adults): 15+",GEO_COV_NAT,Area type: National,2020,6.414
BGD,Bangladesh,XA:1939,BGD - ILO - ILO modelled estimates,UNE_2EAP_SEX_AGE_GEO_RT,"Unemployment rate by sex, age and rural / urban areas -- ILO modelled estimates, Nov. 2019 (%)",SEX_T,Sex: Total,AGE_YTHADULT_YGE15,"Age (Youth, adults): 15+",GEO_COV_NAT,Area type: National,2020,4.151
BGR,Bulgaria,XA:2203,BGR - ILO - ILO modelled estimates,UNE_2EAP_SEX_AGE_GEO_RT,"Unemployment rate by sex, age and rural / urban areas -- ILO modelled estimates, Nov. 2019 (%)",SEX_T,Sex: Total,AGE_YTHADULT_YGE15,"Age (Youth, adults): 15+",GEO_COV_NAT,Area type: National,2020,3.85
BHR,Bahrain,XA:2081,BHR - ILO - ILO modelled estimates,UNE_2EAP_SEX_AGE_GEO_RT,"Unemployment rate by sex, age and rural / urban areas -- ILO modelled estimates, Nov. 2019 (%)",SEX_T,Sex: Total,AGE_YTHADULT_YGE15,"Age (Youth, adults): 15+",GEO_COV_NAT,Area type: National,2020,0.763
BHS,Bahamas,XA:2097,BHS - ILO - ILO modelled estimates,UNE_2EAP_SEX_AGE_GEO_RT,"Unemployment rate by sex, age and rural / urban areas -- ILO modelled estimates, Nov. 2019 (%)",SEX_T,Sex: Total,AGE_YTHADULT_YGE15,"Age (Youth, adults): 15+",GEO_COV_NAT,Area type: National,2020,11.27
BIH,Bosnia and Herzegovina,XA:2113,BIH - ILO - ILO modelled estimates,UNE_2EAP_SEX_AGE_GEO_RT,"Unemployment rate by sex, age and rural / urban areas -- ILO modelled estimates, Nov. 2019 (%)",SEX_T,Sex: Total,AGE_YTHADULT_YGE15,"Age (Youth, adults): 15+",GEO_COV_NAT,Area type: National,2020,18.438
BLR,Belarus,XA:2129,BLR - ILO - ILO modelled estimates,UNE_2EAP_SEX_AGE_GEO_RT,"Unemployment rate by sex, age and rural / urban areas -- ILO modelled estimates, Nov. 2019 (%)",SEX_T,Sex: Total,AGE_YTHADULT_YGE15,"Age (Youth, adults): 15+",GEO_COV_NAT,Area type: National,2020,4.625
BLZ,Belize,XA:2145,BLZ - ILO - ILO modelled estimates,UNE_2EAP_SEX_AGE_GEO_RT,"Unemployment rate by sex, age and rural / urban areas -- ILO modelled estimates, Nov. 2019 (%)",SEX_T,Sex: Total,AGE_YTHADULT_YGE15,"Age (Youth, adults): 15+",GEO_COV_NAT,Area type: National,2020,6.357
BOL,Bolivia,XA:1907,BOL - ILO - ILO modelled estimates,UNE_2EAP_SEX_AGE_GEO_RT,"Unemployment rate by sex, age and rural / urban areas -- ILO modelled estimates, Nov. 2019 (%)",SEX_T,Sex: Total,AGE_YTHADULT_YGE15,"Age (Youth, adults): 15+",GEO_COV_NAT,Area type: National,2020,3.45
BRA,Brazil,XA:2002,BRA - ILO - ILO modelled estimates,UNE_2EAP_SEX_AGE_GEO_RT,"Unemployment rate by sex, age and rural / urban areas -- ILO modelled estimates, Nov. 2019 (%)",SEX_T,Sex: Total,AGE_YTHADULT_YGE15,"Age (Youth, adults): 15+",GEO_COV_NAT,Area type: National,2020,11.966
BRB,Barbados,XA:2193,BRB - ILO - ILO modelled estimates,UNE_2EAP_SEX_AGE_GEO_RT,"Unemployment rate by sex, age and rural / urban areas -- ILO modelled estimates, Nov. 2019 (%)",SEX_T,Sex: Total,AGE_YTHADULT_YGE15,"Age (Youth, adults): 15+",GEO_COV_NAT,Area type: National,2020,10.938
BRN,Brunei Darussalam,XA:2014,BRN - ILO - ILO modelled estimates,UNE_2EAP_SEX_AGE_GEO_RT,"Unemployment rate by sex, age and rural / urban areas -- ILO modelled estimates, Nov. 2019 (%)",SEX_T,Sex: Total,AGE_YTHADULT_YGE15,"Age (Youth, adults): 15+",GEO_COV_NAT,Area type: National,2020,9.044
BTN,Bhutan,XA:1872,BTN - ILO - ILO modelled estimates,UNE_2EAP_SEX_AGE_GEO_RT,"Unemployment rate by sex, age and rural / urban areas -- ILO modelled estimates, Nov. 2019 (%)",SEX_T,Sex: Total,AGE_YTHADULT_YGE15,"Age (Youth, adults): 15+",GEO_COV_NAT,Area type: National,2020,2.39
BWA,Botswana,XA:2030,BWA - ILO - ILO modelled estimates,UNE_2EAP_SEX_AGE_GEO_RT,"Unemployment rate by sex, age and rural / urban areas -- ILO modelled estimates, Nov. 2019 (%)",SEX_T,Sex: Total,AGE_YTHADULT_YGE15,"Age (Youth, adults): 15+",GEO_COV_NAT,Area type: National,2020,18.721
CAF,Central African Republic,XA:1849,CAF - ILO - ILO modelled estimates,UNE_2EAP_SEX_AGE_GEO_RT,"Unemployment rate by sex, age and rural / urban areas -- ILO modelled estimates, Nov. 2019 (%)",SEX_T,Sex: Total,AGE_YTHADULT_YGE15,"Age (Youth, adults): 15+",GEO_COV_NAT,Area type: National,2020,3.696
CAN,Canada,XA:1935,CAN - ILO - ILO modelled estimates,UNE_2EAP_SEX_AGE_GEO_RT,"Unemployment rate by sex, age and rural / urban areas -- ILO modelled estimates, Nov. 2019 (%)",SEX_T,Sex: Total,AGE_YTHADULT_YGE15,"Age (Youth, adults): 15+",GEO_COV_NAT,Area type: National,2020,5.412
CHA,Channel Islands,XA:2232,CHA - ILO - ILO modelled estimates,UNE_2EAP_SEX_AGE_GEO_RT,"Unemployment rate by sex, age and rural / urban areas -- ILO modelled estimates, Nov. 2019 (%)",SEX_T,Sex: Total,AGE_YTHADULT_YGE15,"Age (Youth, adults): 15+",GEO_COV_NAT,Area type: National,2020,7.535
CHE,Switzerland,XA:2054,CHE - ILO - ILO modelled estimates,UNE_2EAP_SEX_AGE_GEO_RT,"Unemployment rate by sex, age and rural / urban areas -- ILO modelled estimates, Nov. 2019 (%)",SEX_T,Sex: Total,AGE_YTHADULT_YGE15,"Age (Youth, adults): 15+",GEO_COV_NAT,Area type: National,2020,4.849
CHL,Chile,XA:1943,CHL - ILO - ILO modelled estimates,UNE_2EAP_SEX_AGE_GEO_RT,"Unemployment rate by sex, age and rural / urban areas -- ILO modelled estimates, Nov. 2019 (%)",SEX_T,Sex: Total,AGE_YTHADULT_YGE15,"Age (Youth, adults): 15+",GEO_COV_NAT,Area type: National,2020,7.096
CHN,China,XA:2070,CHN - ILO - ILO modelled estimates,UNE_2EAP_SEX_AGE_GEO_RT,"Unemployment rate by sex, age and rural / urban areas -- ILO modelled estimates, Nov. 2019 (%)",SEX_T,Sex: Total,AGE_YTHADULT_YGE15,"Age (Youth, adults): 15+",GEO_COV_NAT,Area type: National,2020,4.37
CIV,Côte d'Ivoire,XA:1950,CIV - ILO - ILO modelled estimates,UNE_2EAP_SEX_AGE_GEO_RT,"Unemployment rate by sex, age and rural / urban areas -- ILO modelled estimates, Nov. 2019 (%)",SEX_T,Sex: Total,AGE_YTHADULT_YGE15,"Age (Youth, adults): 15+",GEO_COV_NAT,Area type: National,2020,3.423
CMR,Cameroon,XA:2085,CMR - ILO - ILO modelled estimates,UNE_2EAP_SEX_AGE_GEO_RT,"Unemployment rate by sex, age and rural / urban areas -- ILO modelled estimates, Nov. 2019 (%)",SEX_T,Sex: Total,AGE_YTHADULT_YGE15,"Age (Youth, adults): 15+",GEO_COV_NAT,Area type: National,2020,3.428
COD,"Congo, Democratic Republic of the",XA:2093,COD - ILO - ILO modelled estimates,UNE_2EAP_SEX_AGE_GEO_RT,"Unemployment rate by sex, age and rural / urban areas -- ILO modelled estimates, Nov. 2019 (%)",SEX_T,Sex: Total,AGE_YTHADULT_YGE15,"Age (Youth, adults): 15+",GEO_COV_NAT,Area type: National,2020,4.25
COG,Congo,XA:2101,COG - ILO - ILO modelled estimates,UNE_2EAP_SEX_AGE_GEO_RT,"Unemployment rate by sex, age and rural / urban areas -- ILO modelled estimates, Nov. 2019 (%)",SEX_T,Sex: Total,AGE_YTHADULT_YGE15,"Age (Youth, adults): 15+",GEO_COV_NAT,Area type: National,2020,9.282
COL,Colombia,XA:2109,COL - ILO - ILO modelled estimates,UNE_2EAP_SEX_AGE_GEO_RT,"Unemployment rate by sex, age and rural / urban areas -- ILO modelled estimates, Nov. 2019 (%)",SEX_T,Sex: Total,AGE_YTHADULT_YGE15,"Age (Youth, adults): 15+",GEO_COV_NAT,Area type: National,2020,9.744
COM,Comoros,XA:2117,COM - ILO - ILO modelled estimates,UNE_2EAP_SEX_AGE_GEO_RT,"Unemployment rate by sex, age and rural / urban areas -- ILO modelled estimates, Nov. 2019 (%)",SEX_T,Sex: Total,AGE_YTHADULT_YGE15,"Age (Youth, adults): 15+",GEO_COV_NAT,Area type: National,2020,4.366
CPV,Cape Verde,XA:2125,CPV - ILO - ILO modelled estimates,UNE_2EAP_SEX_AGE_GEO_RT,"Unemployment rate by sex, age and rural / urban areas -- ILO modelled estimates, Nov. 2019 (%)",SEX_T,Sex: Total,AGE_YTHADULT_YGE15,"Age (Youth, adults): 15+",GEO_COV_NAT,Area type: National,2020,12.318
CRI,Costa Rica,XA:2133,CRI - ILO - ILO modelled estimates,UNE_2EAP_SEX_AGE_GEO_RT,"Unemployment rate by sex, age and rural / urban areas -- ILO modelled estimates, Nov. 2019 (%)",SEX_T,Sex: Total,AGE_YTHADULT_YGE15,"Age (Youth, adults): 15+",GEO_COV_NAT,Area type: National,2020,12.734
CUB,Cuba,XA:1982,CUB - ILO - ILO modelled estimates,UNE_2EAP_SEX_AGE_GEO_RT,"Unemployment rate by sex, age and rural / urban areas -- ILO modelled estimates, Nov. 2019 (%)",SEX_T,Sex: Total,AGE_YTHADULT_YGE15,"Age (Youth, adults): 15+",GEO_COV_NAT,Area type: National,2020,1.59
CYP,Cyprus,XA:2149,CYP - ILO - ILO modelled estimates,UNE_2EAP_SEX_AGE_GEO_RT,"Unemployment rate by sex, age and rural / urban areas -- ILO modelled estimates, Nov. 2019 (%)",SEX_T,Sex: Total,AGE_YTHADULT_YGE15,"Age (Youth, adults): 15+",GEO_COV_NAT,Area type: National,2020,7.234
CZE,Czechia,XA:1990,CZE - ILO - ILO modelled estimates,UNE_2EAP_SEX_AGE_GEO_RT,"Unemployment rate by sex, age and rural / urban areas -- ILO modelled estimates, Nov. 2019 (%)",SEX_T,Sex: Total,AGE_YTHADULT_YGE15,"Age (Youth, adults): 15+",GEO_COV_NAT,Area type: National,2020,1.91
DEU,Germany,XA:2165,DEU - ILO - ILO modelled estimates,UNE_2EAP_SEX_AGE_GEO_RT,"Unemployment rate by sex, age and rural / urban areas -- ILO modelled estimates, Nov. 2019 (%)",SEX_T,Sex: Total,AGE_YTHADULT_YGE15,"Age (Youth, adults): 15+",GEO_COV_NAT,Area type: National,2020,3.025
DJI,Djibouti,XA:2173,DJI - ILO - ILO modelled estimates,UNE_2EAP_SEX_AGE_GEO_RT,"Unemployment rate by sex, age and rural / urban areas -- ILO modelled estimates, Nov. 2019 (%)",SEX_T,Sex: Total,AGE_YTHADULT_YGE15,"Age (Youth, adults): 15+",GEO_COV_NAT,Area type: National,2020,10.323
DNK,Denmark,XA:2181,DNK - ILO - ILO modelled estimates,UNE_2EAP_SEX_AGE_GEO_RT,"Unemployment rate by sex, age and rural / urban areas -- ILO modelled estimates, Nov. 2019 (%)",SEX_T,Sex: Total,AGE_YTHADULT_YGE15,"Age (Youth, adults): 15+",GEO_COV_NAT,Area type: National,2020,4.846
DOM,Dominican Republic,XA:2189,DOM - ILO - ILO modelled estimates,UNE_2EAP_SEX_AGE_GEO_RT,"Unemployment rate by sex, age and rural / urban areas -- ILO modelled estimates, Nov. 2019 (%)",SEX_T,Sex: Total,AGE_YTHADULT_YGE15,"Age (Youth, adults): 15+",GEO_COV_NAT,Area type: National,2020,5.919
DZA,Algeria,XA:1829,DZA - ILO - ILO modelled estimates,UNE_2EAP_SEX_AGE_GEO_RT,"Unemployment rate by sex, age and rural / urban areas -- ILO modelled estimates, Nov. 2019 (%)",SEX_T,Sex: Total,AGE_YTHADULT_YGE15,"Age (Youth, adults): 15+",GEO_COV_NAT,Area type: National,2020,11.525
ECU,Ecuador,XA:2012,ECU - ILO - ILO modelled estimates,UNE_2EAP_SEX_AGE_GEO_RT,"Unemployment rate by sex, age and rural / urban areas -- ILO modelled estimates, Nov. 2019 (%)",SEX_T,Sex: Total,AGE_YTHADULT_YGE15,"Age (Youth, adults): 15+",GEO_COV_NAT,Area type: National,2020,4.238
EGY,Egypt,XA:2016,EGY - ILO - ILO modelled estimates,UNE_2EAP_SEX_AGE_GEO_RT,"Unemployment rate by sex, age and rural / urban areas -- ILO modelled estimates, Nov. 2019 (%)",SEX_T,Sex: Total,AGE_YTHADULT_YGE15,"Age (Youth, adults): 15+",GEO_COV_NAT,Area type: National,2020,10.128
ERI,Eritrea,XA:1921,ERI - ILO - ILO modelled estimates,UNE_2EAP_SEX_AGE_GEO_RT,"Unemployment rate by sex, age and rural / urban areas -- ILO modelled estimates, Nov. 2019 (%)",SEX_T,Sex: Total,AGE_YTHADULT_YGE15,"Age (Youth, adults): 15+",GEO_COV_NAT,Area type: National,2020,5.172
ESH,Western Sahara,XA:2024,ESH - ILO - ILO modelled estimates,UNE_2EAP_SEX_AGE_GEO_RT,"Unemployment rate by sex, age and rural / urban areas -- ILO modelled estimates, Nov. 2019 (%)",SEX_T,Sex: Total,AGE_YTHADULT_YGE15,"Age (Youth, adults): 15+",GEO_COV_NAT,Area type: National,2020,9.432
ESP,Spain,XA:2028,ESP - ILO - ILO modelled estimates,UNE_2EAP_SEX_AGE_GEO_RT,"Unemployment rate by sex, age and rural / urban areas -- ILO modelled estimates, Nov. 2019 (%)",SEX_T,Sex: Total,AGE_YTHADULT_YGE15,"Age (Youth, adults): 15+",GEO_COV_NAT,Area type: National,2020,13.015
EST,Estonia,XA:1874,EST - ILO - ILO modelled estimates,UNE_2EAP_SEX_AGE_GEO_RT,"Unemployment rate by sex, age and rural / urban areas -- ILO modelled estimates, Nov. 2019 (%)",SEX_T,Sex: Total,AGE_YTHADULT_YGE15,"Age (Youth, adults): 15+",GEO_COV_NAT,Area type: National,2020,5.379
ETH,Ethiopia,XA:2036,ETH - ILO - ILO modelled estimates,UNE_2EAP_SEX_AGE_GEO_RT,"Unemployment rate by sex, age and rural / urban areas -- ILO modelled estimates, Nov. 2019 (%)",SEX_T,Sex: Total,AGE_YTHADULT_YGE15,"Age (Youth, adults): 15+",GEO_COV_NAT,Area type: National,2020,2.082
FIN,Finland,XA:1836,FIN - ILO - ILO modelled estimates,UNE_2EAP_SEX_AGE_GEO_RT,"Unemployment rate by sex, age and rural / urban areas -- ILO modelled estimates, Nov. 2019 (%)",SEX_T,Sex: Total,AGE_YTHADULT_YGE15,"Age (Youth, adults): 15+",GEO_COV_NAT,Area type: National,2020,6.659
FJI,Fiji,XA:2044,FJI - ILO - ILO modelled estimates,UNE_2EAP_SEX_AGE_GEO_RT,"Unemployment rate by sex, age and rural / urban areas -- ILO modelled estimates, Nov. 2019 (%)",SEX_T,Sex: Total,AGE_YTHADULT_YGE15,"Age (Youth, adults): 15+",GEO_COV_NAT,Area type: National,2020,4.08
FRA,France,XA:2048,FRA - ILO - ILO modelled estimates,UNE_2EAP_SEX_AGE_GEO_RT,"Unemployment rate by sex, age and rural / urban areas -- ILO modelled estimates, Nov. 2019 (%)",SEX_T,Sex: Total,AGE_YTHADULT_YGE15,"Age (Youth, adults): 15+",GEO_COV_NAT,Area type: National,2020,8.338
GAB,Gabon,XA:1937,GAB - ILO - ILO modelled estimates,UNE_2EAP_SEX_AGE_GEO_RT,"Unemployment rate by sex, age and rural / urban areas -- ILO modelled estimates, Nov. 2019 (%)",SEX_T,Sex: Total,AGE_YTHADULT_YGE15,"Age (Youth, adults): 15+",GEO_COV_NAT,Area type: National,2020,20.145
GBR,United Kingdom,XA:2056,GBR - ILO - ILO modelled estimates,UNE_2EAP_SEX_AGE_GEO_RT,"Unemployment rate by sex, age and rural / urban areas -- ILO modelled estimates, Nov. 2019 (%)",SEX_T,Sex: Total,AGE_YTHADULT_YGE15,"Age (Youth, adults): 15+",GEO_COV_NAT,Area type: National,2020,4.115
GEO,Georgia,XA:2060,GEO - ILO - ILO modelled estimates,UNE_2EAP_SEX_AGE_GEO_RT,"Unemployment rate by sex, age and rural / urban areas -- ILO modelled estimates, Nov. 2019 (%)",SEX_T,Sex: Total,AGE_YTHADULT_YGE15,"Age (Youth, adults): 15+",GEO_COV_NAT,Area type: National,2020,14.742
GHA,Ghana,XA:2064,GHA - ILO - ILO modelled estimates,UNE_2EAP_SEX_AGE_GEO_RT,"Unemployment rate by sex, age and rural / urban areas -- ILO modelled estimates, Nov. 2019 (%)",SEX_T,Sex: Total,AGE_YTHADULT_YGE15,"Age (Youth, adults): 15+",GEO_COV_NAT,Area type: National,2020,4.509
GIN,Guinea,XA:2068,GIN - ILO - ILO modelled estimates,UNE_2EAP_SEX_AGE_GEO_RT,"Unemployment rate by sex, age and rural / urban areas -- ILO modelled estimates, Nov. 2019 (%)",SEX_T,Sex: Total,AGE_YTHADULT_YGE15,"Age (Youth, adults): 15+",GEO_COV_NAT,Area type: National,2020,4.33
GMB,Gambia,XA:2075,GMB - ILO - ILO modelled estimates,UNE_2EAP_SEX_AGE_GEO_RT,"Unemployment rate by sex, age and rural / urban areas -- ILO modelled estimates, Nov. 2019 (%)",SEX_T,Sex: Total,AGE_YTHADULT_YGE15,"Age (Youth, adults): 15+",GEO_COV_NAT,Area type: National,2020,9.107
GNB,Guinea-Bissau,XA:1885,GNB - ILO - ILO modelled estimates,UNE_2EAP_SEX_AGE_GEO_RT,"Unemployment rate by sex, age and rural / urban areas -- ILO modelled estimates, Nov. 2019 (%)",SEX_T,Sex: Total,AGE_YTHADULT_YGE15,"Age (Youth, adults): 15+",GEO_COV_NAT,Area type: National,2020,2.487
GNQ,Equatorial Guinea,XA:2083,GNQ - ILO - ILO modelled estimates,UNE_2EAP_SEX_AGE_GEO_RT,"Unemployment rate by sex, age and rural / urban areas -- ILO modelled estimates, Nov. 2019 (%)",SEX_T,Sex: Total,AGE_YTHADULT_YGE15,"Age (Youth, adults): 15+",GEO_COV_NAT,Area type: National,2020,6.47
GRC,Greece,XA:1854,GRC - ILO - ILO modelled estimates,UNE_2EAP_SEX_AGE_GEO_RT,"Unemployment rate by sex, age and rural / urban areas -- ILO modelled estimates, Nov. 2019 (%)",SEX_T,Sex: Total,AGE_YTHADULT_YGE15,"Age (Youth, adults): 15+",GEO_COV_NAT,Area type: National,2020,15.474
GTM,Guatemala,XA:1956,GTM - ILO - ILO modelled estimates,UNE_2EAP_SEX_AGE_GEO_RT,"Unemployment rate by sex, age and rural / urban areas -- ILO modelled estimates, Nov. 2019 (%)",SEX_T,Sex: Total,AGE_YTHADULT_YGE15,"Age (Youth, adults): 15+",GEO_COV_NAT,Area type: National,2020,2.507
GUM,Guam,XA:1960,GUM - ILO - ILO modelled estimates,UNE_2EAP_SEX_AGE_GEO_RT,"Unemployment rate by sex, age and rural / urban areas -- ILO modelled estimates, Nov. 2019 (%)",SEX_T,Sex: Total,AGE_YTHADULT_YGE15,"Age (Youth, adults): 15+",GEO_COV_NAT,Area type: National,2020,5.675
GUY,Guyana,XA:1839,GUY - ILO - ILO modelled estimates,UNE_2EAP_SEX_AGE_GEO_RT,"Unemployment rate by sex, age and rural / urban areas -- ILO modelled estimates, Nov. 2019 (%)",SEX_T,Sex: Total,AGE_YTHADULT_YGE15,"Age (Youth, adults): 15+",GEO_COV_NAT,Area type: National,2020,11.813
HKG,"Hong Kong, China",XA:1964,HKG - ILO - ILO modelled estimates,UNE_2EAP_SEX_AGE_GEO_RT,"Unemployment rate by sex, age and rural / urban areas -- ILO modelled estimates, Nov. 2019 (%)",SEX_T,Sex: Total,AGE_YTHADULT_YGE15,"Age (Youth, adults): 15+",GEO_COV_NAT,Area type: National,2020,4.265
HND,Honduras,XA:1893,HND - ILO - ILO modelled estimates,UNE_2EAP_SEX_AGE_GEO_RT,"Unemployment rate by sex, age and rural / urban areas -- ILO modelled estimates, Nov. 2019 (%)",SEX_T,Sex: Total,AGE_YTHADULT_YGE15,"Age (Youth, adults): 15+",GEO_COV_NAT,Area type: National,2020,5.229
HRV,Croatia,XA:2115,HRV - ILO - ILO modelled estimates,UNE_2EAP_SEX_AGE_GEO_RT,"Unemployment rate by sex, age and rural / urban areas -- ILO modelled estimates, Nov. 2019 (%)",SEX_T,Sex: Total,AGE_YTHADULT_YGE15,"Age (Youth, adults): 15+",GEO_COV_NAT,Area type: National,2020,7.114
HTI,Haiti,XA:1858,HTI - ILO - ILO modelled estimates,UNE_2EAP_SEX_AGE_GEO_RT,"Unemployment rate by sex, age and rural / urban areas -- ILO modelled estimates, Nov. 2019 (%)",SEX_T,Sex: Total,AGE_YTHADULT_YGE15,"Age (Youth, adults): 15+",GEO_COV_NAT,Area type: National,2020,13.915
HUN,Hungary,XA:1972,HUN - ILO - ILO modelled estimates,UNE_2EAP_SEX_AGE_GEO_RT,"Unemployment rate by sex, age and rural / urban areas -- ILO modelled estimates, Nov. 2019 (%)",SEX_T,Sex: Total,AGE_YTHADULT_YGE15,"Age (Youth, adults): 15+",GEO_COV_NAT,Area type: National,2020,3.46
IDN,Indonesia,XA:1897,IDN - ILO - ILO modelled estimates,UNE_2EAP_SEX_AGE_GEO_RT,"Unemployment rate by sex, age and rural / urban areas -- ILO modelled estimates, Nov. 2019 (%)",SEX_T,Sex: Total,AGE_YTHADULT_YGE15,"Age (Youth, adults): 15+",GEO_COV_NAT,Area type: National,2020,4.835
IND,India,XA:1976,IND - ILO - ILO modelled estimates,UNE_2EAP_SEX_AGE_GEO_RT,"Unemployment rate by sex, age and rural / urban areas -- ILO modelled estimates, Nov. 2019 (%)",SEX_T,Sex: Total,AGE_YTHADULT_YGE15,"Age (Youth, adults): 15+",GEO_COV_NAT,Area type: National,2020,5.399
IRL,Ireland,XA:1832,IRL - ILO - ILO modelled estimates,UNE_2EAP_SEX_AGE_GEO_RT,"Unemployment rate by sex, age and rural / urban areas -- ILO modelled estimates, Nov. 2019 (%)",SEX_T,Sex: Total,AGE_YTHADULT_YGE15,"Age (Youth, adults): 15+",GEO_COV_NAT,Area type: National,2020,5.158
IRN,"Iran, Islamic Republic of",XA:1980,IRN - ILO - ILO modelled estimates,UNE_2EAP_SEX_AGE_GEO_RT,"Unemployment rate by sex, age and rural / urban areas -- ILO modelled estimates, Nov. 2019 (%)",SEX_T,Sex: Total,AGE_YTHADULT_YGE15,"Age (Youth, adults): 15+",GEO_COV_NAT,Area type: National,2020,11.181
IRQ,Iraq,XA:1901,IRQ - ILO - ILO modelled estimates,UNE_2EAP_SEX_AGE_GEO_RT,"Unemployment rate by sex, age and rural / urban areas -- ILO modelled estimates, Nov. 2019 (%)",SEX_T,Sex: Total,AGE_YTHADULT_YGE15,"Age (Youth, adults): 15+",GEO_COV_NAT,Area type: National,2020,12.825
ISL,Iceland,XA:1984,ISL - ILO - ILO modelled estimates,UNE_2EAP_SEX_AGE_GEO_RT,"Unemployment rate by sex, age and rural / urban areas -- ILO modelled estimates, Nov. 2019 (%)",SEX_T,Sex: Total,AGE_YTHADULT_YGE15,"Age (Youth, adults): 15+",GEO_COV_NAT,Area type: National,2020,3.222
ISR,Israel,XA:1862,ISR - ILO - ILO modelled estimates,UNE_2EAP_SEX_AGE_GEO_RT,"Unemployment rate by sex, age and rural / urban areas -- ILO modelled estimates, Nov. 2019 (%)",SEX_T,Sex: Total,AGE_YTHADULT_YGE15,"Age (Youth, adults): 15+",GEO_COV_NAT,Area type: National,2020,3.779
ITA,Italy,XA:1988,ITA - ILO - ILO modelled estimates,UNE_2EAP_SEX_AGE_GEO_RT,"Unemployment rate by sex, age and rural / urban areas -- ILO modelled estimates, Nov. 2019 (%)",SEX_T,Sex: Total,AGE_YTHADULT_YGE15,"Age (Youth, adults): 15+",GEO_COV_NAT,Area type: National,2020,9.836
JAM,Jamaica,XA:1905,JAM - ILO - ILO modelled estimates,UNE_2EAP_SEX_AGE_GEO_RT,"Unemployment rate by sex, age and rural / urban areas -- ILO modelled estimates, Nov. 2019 (%)",SEX_T,Sex: Total,AGE_YTHADULT_YGE15,"Age (Youth, adults): 15+",GEO_COV_NAT,Area type: National,2020,7.95
JOR,Jordan,XA:1992,JOR - ILO - ILO modelled estimates,UNE_2EAP_SEX_AGE_GEO_RT,"Unemployment rate by sex, age and rural / urban areas -- ILO modelled estimates, Nov. 2019 (%)",SEX_T,Sex: Total,AGE_YTHADULT_YGE15,"Age (Youth, adults): 15+",GEO_COV_NAT,Area type: National,2020,14.613
JPN,Japan,XA:1843,JPN - ILO - ILO modelled estimates,UNE_2EAP_SEX_AGE_GEO_RT,"Unemployment rate by sex, age and rural / urban areas -- ILO modelled estimates, Nov. 2019 (%)",SEX_T,Sex: Total,AGE_YTHADULT_YGE15,"Age (Youth, adults): 15+",GEO_COV_NAT,Area type: National,2020,2.339
KAZ,Kazakhstan,XA:1996,KAZ - ILO - ILO modelled estimates,UNE_2EAP_SEX_AGE_GEO_RT,"Unemployment rate by sex, age and rural / urban areas -- ILO modelled estimates, Nov. 2019 (%)",SEX_T,Sex: Total,AGE_YTHADULT_YGE15,"Age (Youth, adults): 15+",GEO_COV_NAT,Area type: National,2020,4.551
KEN,Kenya,XA:1909,KEN - ILO - ILO modelled estimates,UNE_2EAP_SEX_AGE_GEO_RT,"Unemployment rate by sex, age and rural / urban areas -- ILO modelled estimates, Nov. 2019 (%)",SEX_T,Sex: Total,AGE_YTHADULT_YGE15,"Age (Youth, adults): 15+",GEO_COV_NAT,Area type: National,2020,2.646
KGZ,Kyrgyzstan,XA:2000,KGZ - ILO - ILO modelled estimates,UNE_2EAP_SEX_AGE_GEO_RT,"Unemployment rate by sex, age and rural / urban areas -- ILO modelled estimates, Nov. 2019 (%)",SEX_T,Sex: Total,AGE_YTHADULT_YGE15,"Age (Youth, adults): 15+",GEO_COV_NAT,Area type: National,2020,6.643
KHM,Cambodia,XA:1866,KHM - ILO - ILO modelled estimates,UNE_2EAP_SEX_AGE_GEO_RT,"Unemployment rate by sex, age and rural / urban areas -- ILO modelled estimates, Nov. 2019 (%)",SEX_T,Sex: Total,AGE_YTHADULT_YGE15,"Age (Youth, adults): 15+",GEO_COV_NAT,Area type: National,2020,0.696
KOR,"Korea, Republic of",XA:2004,KOR - ILO - ILO modelled estimates,UNE_2EAP_SEX_AGE_GEO_RT,"Unemployment rate by sex, age and rural / urban areas -- ILO modelled estimates, Nov. 2019 (%)",SEX_T,Sex: Total,AGE_YTHADULT_YGE15,"Age (Youth, adults): 15+",GEO_COV_NAT,Area type: National,2020,4.597
KWT,Kuwait,XA:1913,KWT - ILO - ILO modelled estimates,UNE_2EAP_SEX_AGE_GEO_RT,"Unemployment rate by sex, age and rural / urban areas -- ILO modelled estimates, Nov. 2019 (%)",SEX_T,Sex: Total,AGE_YTHADULT_YGE15,"Age (Youth, adults): 15+",GEO_COV_NAT,Area type: National,2020,2.303
LAO,Lao People's Democratic Republic,XA:2008,LAO - ILO - ILO modelled estimates,UNE_2EAP_SEX_AGE_GEO_RT,"Unemployment rate by sex, age and rural / urban areas -- ILO modelled estimates, Nov. 2019 (%)",SEX_T,Sex: Total,AGE_YTHADULT_YGE15,"Age (Youth, adults): 15+",GEO_COV_NAT,Area type: National,2020,0.602
LBN,Lebanon,XA:2009,LBN - ILO - ILO modelled estimates,UNE_2EAP_SEX_AGE_GEO_RT,"Unemployment rate by sex, age and rural / urban areas -- ILO modelled estimates, Nov. 2019 (%)",SEX_T,Sex: Total,AGE_YTHADULT_YGE15,"Age (Youth, adults): 15+",GEO_COV_NAT,Area type: National,2020,6.276
LBR,Liberia,XA:1916,LBR - ILO - ILO modelled estimates,UNE_2EAP_SEX_AGE_GEO_RT,"Unemployment rate by sex, age and rural / urban areas -- ILO modelled estimates, Nov. 2019 (%)",SEX_T,Sex: Total,AGE_YTHADULT_YGE15,"Age (Youth, adults): 15+",GEO_COV_NAT,Area type: National,2020,2.725
LBY,Libya,XA:1869,LBY - ILO - ILO modelled estimates,UNE_2EAP_SEX_AGE_GEO_RT,"Unemployment rate by sex, age and rural / urban areas -- ILO modelled estimates, Nov. 2019 (%)",SEX_T,Sex: Total,AGE_YTHADULT_YGE15,"Age (Youth, adults): 15+",GEO_COV_NAT,Area type: National,2020,18.626
LCA,Saint Lucia,XA:2015,LCA - ILO - ILO modelled estimates,UNE_2EAP_SEX_AGE_GEO_RT,"Unemployment rate by sex, age and rural / urban areas -- ILO modelled estimates, Nov. 2019 (%)",SEX_T,Sex: Total,AGE_YTHADULT_YGE15,"Age (Youth, adults): 15+",GEO_COV_NAT,Area type: National,2020,20.15
LKA,Sri Lanka,XA:2017,LKA - ILO - ILO modelled estimates,UNE_2EAP_SEX_AGE_GEO_RT,"Unemployment rate by sex, age and rural / urban areas -- ILO modelled estimates, Nov. 2019 (%)",SEX_T,Sex: Total,AGE_YTHADULT_YGE15,"Age (Youth, adults): 15+",GEO_COV_NAT,Area type: National,2020,4.178
LSO,Lesotho,XA:1920,LSO - ILO - ILO modelled estimates,UNE_2EAP_SEX_AGE_GEO_RT,"Unemployment rate by sex, age and rural / urban areas -- ILO modelled estimates, Nov. 2019 (%)",SEX_T,Sex: Total,AGE_YTHADULT_YGE15,"Age (Youth, adults): 15+",GEO_COV_NAT,Area type: National,2020,22.831
LTU,Lithuania,XA:1871,LTU - ILO - ILO modelled estimates,UNE_2EAP_SEX_AGE_GEO_RT,"Unemployment rate by sex, age and rural / urban areas -- ILO modelled estimates, Nov. 2019 (%)",SEX_T,Sex: Total,AGE_YTHADULT_YGE15,"Age (Youth, adults): 15+",GEO_COV_NAT,Area type: National,2020,6.261
LUX,Luxembourg,XA:1922,LUX - ILO - ILO modelled estimates,UNE_2EAP_SEX_AGE_GEO_RT,"Unemployment rate by sex, age and rural / urban areas -- ILO modelled estimates, Nov. 2019 (%)",SEX_T,Sex: Total,AGE_YTHADULT_YGE15,"Age (Youth, adults): 15+",GEO_COV_NAT,Area type: National,2020,5.244
LVA,Latvia,XA:1835,LVA - ILO - ILO modelled estimates,UNE_2EAP_SEX_AGE_GEO_RT,"Unemployment rate by sex, age and rural / urban areas -- ILO modelled estimates, Nov. 2019 (%)",SEX_T,Sex: Total,AGE_YTHADULT_YGE15,"Age (Youth, adults): 15+",GEO_COV_NAT,Area type: National,2020,6.533
MAC,"Macau, China",XA:1924,MAC - ILO - ILO modelled estimates,UNE_2EAP_SEX_AGE_GEO_RT,"Unemployment rate by sex, age and rural / urban areas -- ILO modelled estimates, Nov. 2019 (%)",SEX_T,Sex: Total,AGE_YTHADULT_YGE15,"Age (Youth, adults): 15+",GEO_COV_NAT,Area type: National,2020,2.505
MAR,Morocco,XA:2029,MAR - ILO - ILO modelled estimates,UNE_2EAP_SEX_AGE_GEO_RT,"Unemployment rate by sex, age and rural / urban areas -- ILO modelled estimates, Nov. 2019 (%)",SEX_T,Sex: Total,AGE_YTHADULT_YGE15,"Age (Youth, adults): 15+",GEO_COV_NAT,Area type: National,2020,8.955
MDA,"Moldova, Republic of",XA:2031,MDA - ILO - ILO modelled estimates,UNE_2EAP_SEX_AGE_GEO_RT,"Unemployment rate by sex, age and rural / urban areas -- ILO modelled estimates, Nov. 2019 (%)",SEX_T,Sex: Total,AGE_YTHADULT_YGE15,"Age (Youth, adults): 15+",GEO_COV_NAT,Area type: National,2020,5.365
MDG,Madagascar,XA:1848,MDG - ILO - ILO modelled estimates,UNE_2EAP_SEX_AGE_GEO_RT,"Unemployment rate by sex, age and rural / urban areas -- ILO modelled estimates, Nov. 2019 (%)",SEX_T,Sex: Total,AGE_YTHADULT_YGE15,"Age (Youth, adults): 15+",GEO_COV_NAT,Area type: National,2020,1.833
MDV,Maldives,XA:1928,MDV - ILO - ILO modelled estimates,UNE_2EAP_SEX_AGE_GEO_RT,"Unemployment rate by sex, age and rural / urban areas -- ILO modelled estimates, Nov. 2019 (%)",SEX_T,Sex: Total,AGE_YTHADULT_YGE15,"Age (Youth, adults): 15+",GEO_COV_NAT,Area type: National,2020,6.434
MEX,Mexico,XA:1875,MEX - ILO - ILO modelled estimates,UNE_2EAP_SEX_AGE_GEO_RT,"Unemployment rate by sex, age and rural / urban areas -- ILO modelled estimates, Nov. 2019 (%)",SEX_T,Sex: Total,AGE_YTHADULT_YGE15,"Age (Youth, adults): 15+",GEO_COV_NAT,Area type: National,2020,3.654
MKD,North Macedonia,XA:2039,MKD - ILO - ILO modelled estimates,UNE_2EAP_SEX_AGE_GEO_RT,"Unemployment rate by sex, age and rural / urban areas -- ILO modelled estimates, Nov. 2019 (%)",SEX_T,Sex: Total,AGE_YTHADULT_YGE15,"Age (Youth, adults): 15+",GEO_COV_NAT,Area type: National,2020,16.439
MLI,Mali,XA:1830,MLI - ILO - ILO modelled estimates,UNE_2EAP_SEX_AGE_GEO_RT,"Unemployment rate by sex, age and rural / urban areas -- ILO modelled estimates, Nov. 2019 (%)",SEX_T,Sex: Total,AGE_YTHADULT_YGE15,"Age (Youth, adults): 15+",GEO_COV_NAT,Area type: National,2020,7.341
MLT,Malta,XA:1932,MLT - ILO - ILO modelled estimates,UNE_2EAP_SEX_AGE_GEO_RT,"Unemployment rate by sex, age and rural / urban areas -- ILO modelled estimates, Nov. 2019 (%)",SEX_T,Sex: Total,AGE_YTHADULT_YGE15,"Age (Youth, adults): 15+",GEO_COV_NAT,Area type: National,2020,3.367
MMR,Myanmar,XA:1877,MMR - ILO - ILO modelled estimates,UNE_2EAP_SEX_AGE_GEO_RT,"Unemployment rate by sex, age and rural / urban areas -- ILO modelled estimates, Nov. 2019 (%)",SEX_T,Sex: Total,AGE_YTHADULT_YGE15,"Age (Youth, adults): 15+",GEO_COV_NAT,Area type: National,2020,1.711
MNE,Montenegro,XA:2234,MNE - ILO - ILO modelled estimates,UNE_2EAP_SEX_AGE_GEO_RT,"Unemployment rate by sex, age and rural / urban areas -- ILO modelled estimates, Nov. 2019 (%)",SEX_T,Sex: Total,AGE_YTHADULT_YGE15,"Age (Youth, adults): 15+",GEO_COV_NAT,Area type: National,2020,14.756
MNG,Mongolia,XA:1934,MNG - ILO - ILO modelled estimates,UNE_2EAP_SEX_AGE_GEO_RT,"Unemployment rate by sex, age and rural / urban areas -- ILO modelled estimates, Nov. 2019 (%)",SEX_T,Sex: Total,AGE_YTHADULT_YGE15,"Age (Youth, adults): 15+",GEO_COV_NAT,Area type: National,2020,5.946
MOZ,Mozambique,XA:1850,MOZ - ILO - ILO modelled estimates,UNE_2EAP_SEX_AGE_GEO_RT,"Unemployment rate by sex, age and rural / urban areas -- ILO modelled estimates, Nov. 2019 (%)",SEX_T,Sex: Total,AGE_YTHADULT_YGE15,"Age (Youth, adults): 15+",GEO_COV_NAT,Area type: National,2020,3.242
MRT,Mauritania,XA:1936,MRT - ILO - ILO modelled estimates,UNE_2EAP_SEX_AGE_GEO_RT,"Unemployment rate by sex, age and rural / urban areas -- ILO modelled estimates, Nov. 2019 (%)",SEX_T,Sex: Total,AGE_YTHADULT_YGE15,"Age (Youth, adults): 15+",GEO_COV_NAT,Area type: National,2020,9.614
MUS,Mauritius,XA:1938,MUS - ILO - ILO modelled estimates,UNE_2EAP_SEX_AGE_GEO_RT,"Unemployment rate by sex, age and rural / urban areas -- ILO modelled estimates, Nov. 2019 (%)",SEX_T,Sex: Total,AGE_YTHADULT_YGE15,"Age (Youth, adults): 15+",GEO_COV_NAT,Area type: National,2020,6.689
MWI,Malawi,XA:1837,MWI - ILO - ILO modelled estimates,UNE_2EAP_SEX_AGE_GEO_RT,"Unemployment rate by sex, age and rural / urban areas -- ILO modelled estimates, Nov. 2019 (%)",SEX_T,Sex: Total,AGE_YTHADULT_YGE15,"Age (Youth, adults): 15+",GEO_COV_NAT,Area type: National,2020,5.674
MYS,Malaysia,XA:1940,MYS - ILO - ILO modelled estimates,UNE_2EAP_SEX_AGE_GEO_RT,"Unemployment rate by sex, age and rural / urban areas -- ILO modelled estimates, Nov. 2019 (%)",SEX_T,Sex: Total,AGE_YTHADULT_YGE15,"Age (Youth, adults): 15+",GEO_COV_NAT,Area type: National,2020,3.378
NAM,Namibia,XA:1881,NAM - ILO - ILO modelled estimates,UNE_2EAP_SEX_AGE_GEO_RT,"Unemployment rate by sex, age and rural / urban areas -- ILO modelled estimates, Nov. 2019 (%)",SEX_T,Sex: Total,AGE_YTHADULT_YGE15,"Age (Youth, adults): 15+",GEO_COV_NAT,Area type: National,2020,20.587
NCL,New Caledonia,XA:1942,NCL - ILO - ILO modelled estimates,UNE_2EAP_SEX_AGE_GEO_RT,"Unemployment rate by sex, age and rural / urban areas -- ILO modelled estimates, Nov. 2019 (%)",SEX_T,Sex: Total,AGE_YTHADULT_YGE15,"Age (Youth, adults): 15+",GEO_COV_NAT,Area type: National,2020,12.781
NER,Niger,XA:1852,NER - ILO - ILO modelled estimates,UNE_2EAP_SEX_AGE_GEO_RT,"Unemployment rate by sex, age and rural / urban areas -- ILO modelled estimates, Nov. 2019 (%)",SEX_T,Sex: Total,AGE_YTHADULT_YGE15,"Age (Youth, adults): 15+",GEO_COV_NAT,Area type: National,2020,0.485
NGA,Nigeria,XA:1944,NGA - ILO - ILO modelled estimates,UNE_2EAP_SEX_AGE_GEO_RT,"Unemployment rate by sex, age and rural / urban areas -- ILO modelled estimates, Nov. 2019 (%)",SEX_T,Sex: Total,AGE_YTHADULT_YGE15,"Age (Youth, adults): 15+",GEO_COV_NAT,Area type: National,2020,7.96
NIC,Nicaragua,XA:1883,NIC - ILO - ILO modelled estimates,UNE_2EAP_SEX_AGE_GEO_RT,"Unemployment rate by sex, age and rural / urban areas -- ILO modelled estimates, Nov. 2019 (%)",SEX_T,Sex: Total,AGE_YTHADULT_YGE15,"Age (Youth, adults): 15+",GEO_COV_NAT,Area type: National,2020,7.355
NLD,Netherlands,XA:1946,NLD - ILO - ILO modelled estimates,UNE_2EAP_SEX_AGE_GEO_RT,"Unemployment rate by sex, age and rural / urban areas -- ILO modelled estimates, Nov. 2019 (%)",SEX_T,Sex: Total,AGE_YTHADULT_YGE15,"Age (Youth, adults): 15+",GEO_COV_NAT,Area type: National,2020,2.975
NOR,Norway,XA:2206,NOR - ILO - ILO modelled estimates,UNE_2EAP_SEX_AGE_GEO_RT,"Unemployment rate by sex, age and rural / urban areas -- ILO modelled estimates, Nov. 2019 (%)",SEX_T,Sex: Total,AGE_YTHADULT_YGE15,"Age (Youth, adults): 15+",GEO_COV_NAT,Area type: National,2020,3.31
NPL,Nepal,XA:1947,NPL - ILO - ILO modelled estimates,UNE_2EAP_SEX_AGE_GEO_RT,"Unemployment rate by sex, age and rural / urban areas -- ILO modelled estimates, Nov. 2019 (%)",SEX_T,Sex: Total,AGE_YTHADULT_YGE15,"Age (Youth, adults): 15+",GEO_COV_NAT,Area type: National,2020,1.466
NZL,New Zealand,XA:1884,NZL - ILO - ILO modelled estimates,UNE_2EAP_SEX_AGE_GEO_RT,"Unemployment rate by sex, age and rural / urban areas -- ILO modelled estimates, Nov. 2019 (%)",SEX_T,Sex: Total,AGE_YTHADULT_YGE15,"Age (Youth, adults): 15+",GEO_COV_NAT,Area type: National,2020,4.013
OMN,Oman,XA:1949,OMN - ILO - ILO modelled estimates,UNE_2EAP_SEX_AGE_GEO_RT,"Unemployment rate by sex, age and rural / urban areas -- ILO modelled estimates, Nov. 2019 (%)",SEX_T,Sex: Total,AGE_YTHADULT_YGE15,"Age (Youth, adults): 15+",GEO_COV_NAT,Area type: National,2020,2.546
PAK,Pakistan,XA:2080,PAK - ILO - ILO modelled estimates,UNE_2EAP_SEX_AGE_GEO_RT,"Unemployment rate by sex, age and rural / urban areas -- ILO modelled estimates, Nov. 2019 (%)",SEX_T,Sex: Total,AGE_YTHADULT_YGE15,"Age (Youth, adults): 15+",GEO_COV_NAT,Area type: National,2020,4.445
PAN,Panama,XA:2082,PAN - ILO - ILO modelled estimates,UNE_2EAP_SEX_AGE_GEO_RT,"Unemployment rate by sex, age and rural / urban areas -- ILO modelled estimates, Nov. 2019 (%)",SEX_T,Sex: Total,AGE_YTHADULT_YGE15,"Age (Youth, adults): 15+",GEO_COV_NAT,Area type: National,2020,3.825
PER,Peru,XA:2084,PER - ILO - ILO modelled estimates,UNE_2EAP_SEX_AGE_GEO_RT,"Unemployment rate by sex, age and rural / urban areas -- ILO modelled estimates, Nov. 2019 (%)",SEX_T,Sex: Total,AGE_YTHADULT_YGE15,"Age (Youth, adults): 15+",GEO_COV_NAT,Area type: National,2020,3.196
PHL,Philippines,XA:2086,PHL - ILO - ILO modelled estimates,UNE_2EAP_SEX_AGE_GEO_RT,"Unemployment rate by sex, age and rural / urban areas -- ILO modelled estimates, Nov. 2019 (%)",SEX_T,Sex: Total,AGE_YTHADULT_YGE15,"Age (Youth, adults): 15+",GEO_COV_NAT,Area type: National,2020,2.164
PNG,Papua New Guinea,XA:2088,PNG - ILO - ILO modelled estimates,UNE_2EAP_SEX_AGE_GEO_RT,"Unemployment rate by sex, age and rural / urban areas -- ILO modelled estimates, Nov. 2019 (%)",SEX_T,Sex: Total,AGE_YTHADULT_YGE15,"Age (Youth, adults): 15+",GEO_COV_NAT,Area type: National,2020,2.487
POL,Poland,XA:2090,POL - ILO - ILO modelled estimates,UNE_2EAP_SEX_AGE_GEO_RT,"Unemployment rate by sex, age and rural / urban areas -- ILO modelled estimates, Nov. 2019 (%)",SEX_T,Sex: Total,AGE_YTHADULT_YGE15,"Age (Youth, adults): 15+",GEO_COV_NAT,Area type: National,2020,3.04
PRI,Puerto Rico,XA:2092,PRI - ILO - ILO modelled estimates,UNE_2EAP_SEX_AGE_GEO_RT,"Unemployment rate by sex, age and rural / urban areas -- ILO modelled estimates, Nov. 2019 (%)",SEX_T,Sex: Total,AGE_YTHADULT_YGE15,"Age (Youth, adults): 15+",GEO_COV_NAT,Area type: National,2020,8.414
PRK,"Korea, Democratic People's Republic of",XA:1957,PRK - ILO - ILO modelled estimates,UNE_2EAP_SEX_AGE_GEO_RT,"Unemployment rate by sex, age and rural / urban areas -- ILO modelled estimates, Nov. 2019 (%)",SEX_T,Sex: Total,AGE_YTHADULT_YGE15,"Age (Youth, adults): 15+",GEO_COV_NAT,Area type: National,2020,2.764
PRT,Portugal,XA:2096,PRT - ILO - ILO modelled estimates,UNE_2EAP_SEX_AGE_GEO_RT,"Unemployment rate by sex, age and rural / urban areas -- ILO modelled estimates, Nov. 2019 (%)",SEX_T,Sex: Total,AGE_YTHADULT_YGE15,"Age (Youth, adults): 15+",GEO_COV_NAT,Area type: National,2020,5.933
PRY,Paraguay,XA:2098,PRY - ILO - ILO modelled estimates,UNE_2EAP_SEX_AGE_GEO_RT,"Unemployment rate by sex, age and rural / urban areas -- ILO modelled estimates, Nov. 2019 (%)",SEX_T,Sex: Total,AGE_YTHADULT_YGE15,"Age (Youth, adults): 15+",GEO_COV_NAT,Area type: National,2020,4.836
PSE,Occupied Palestinian Territory,XA:2100,PSE - ILO - ILO modelled estimates,UNE_2EAP_SEX_AGE_GEO_RT,"Unemployment rate by sex, age and rural / urban areas -- ILO modelled estimates, Nov. 2019 (%)",SEX_T,Sex: Total,AGE_YTHADULT_YGE15,"Age (Youth, adults): 15+",GEO_COV_NAT,Area type: National,2020,26.098
PYF,French Polynesia,XA:2102,PYF - ILO - ILO modelled estimates,UNE_2EAP_SEX_AGE_GEO_RT,"Unemployment rate by sex, age and rural / urban areas -- ILO modelled estimates, Nov. 2019 (%)",SEX_T,Sex: Total,AGE_YTHADULT_YGE15,"Age (Youth, adults): 15+",GEO_COV_NAT,Area type: National,2020,11.934
QAT,Qatar,XA:2104,QAT - ILO - ILO modelled estimates,UNE_2EAP_SEX_AGE_GEO_RT,"Unemployment rate by sex, age and rural / urban areas -- ILO modelled estimates, Nov. 2019 (%)",SEX_T,Sex: Total,AGE_YTHADULT_YGE15,"Age (Youth, adults): 15+",GEO_COV_NAT,Area type: National,2020,0.082
ROU,Romania,XA:2108,ROU - ILO - ILO modelled estimates,UNE_2EAP_SEX_AGE_GEO_RT,"Unemployment rate by sex, age and rural / urban areas -- ILO modelled estimates, Nov. 2019 (%)",SEX_T,Sex: Total,AGE_YTHADULT_YGE15,"Age (Youth, adults): 15+",GEO_COV_NAT,Area type: National,2020,3.922
RUS,Russian Federation,XA:2110,RUS - ILO - ILO modelled estimates,UNE_2EAP_SEX_AGE_GEO_RT,"Unemployment rate by sex, age and rural / urban areas -- ILO modelled estimates, Nov. 2019 (%)",SEX_T,Sex: Total,AGE_YTHADULT_YGE15,"Age (Youth, adults): 15+",GEO_COV_NAT,Area type: National,2020,4.425
RWA,Rwanda,XA:2112,RWA - ILO - ILO modelled estimates,UNE_2EAP_SEX_AGE_GEO_RT,"Unemployment rate by sex, age and rural / urban areas -- ILO modelled estimates, Nov. 2019 (%)",SEX_T,Sex: Total,AGE_YTHADULT_YGE15,"Age (Youth, adults): 15+",GEO_COV_NAT,Area type: National,2020,1.041
SAU,Saudi Arabia,XA:2114,SAU - ILO - ILO modelled estimates,UNE_2EAP_SEX_AGE_GEO_RT,"Unemployment rate by sex, age and rural / urban areas -- ILO modelled estimates, Nov. 2019 (%)",SEX_T,Sex: Total,AGE_YTHADULT_YGE15,"Age (Youth, adults): 15+",GEO_COV_NAT,Area type: National,2020,5.858
SDN,Sudan,XA:2116,SDN - ILO - ILO modelled estimates,UNE_2EAP_SEX_AGE_GEO_RT,"Unemployment rate by sex, age and rural / urban areas -- ILO modelled estimates, Nov. 2019 (%)",SEX_T,Sex: Total,AGE_YTHADULT_YGE15,"Age (Youth, adults): 15+",GEO_COV_NAT,Area type: National,2020,16.618
SEN,Senegal,XA:2118,SEN - ILO - ILO modelled estimates,UNE_2EAP_SEX_AGE_GEO_RT,"Unemployment rate by sex, age and rural / urban areas -- ILO modelled estimates, Nov. 2019 (%)",SEX_T,Sex: Total,AGE_YTHADULT_YGE15,"Age (Youth, adults): 15+",GEO_COV_NAT,Area type: National,2020,6.676
SGP,Singapore,XA:2120,SGP - ILO - ILO modelled estimates,UNE_2EAP_SEX_AGE_GEO_RT,"Unemployment rate by sex, age and rural / urban areas -- ILO modelled estimates, Nov. 2019 (%)",SEX_T,Sex: Total,AGE_YTHADULT_YGE15,"Age (Youth, adults): 15+",GEO_COV_NAT,Area type: National,2020,4.38
SLB,Solomon Islands,XA:2122,SLB - ILO - ILO modelled estimates,UNE_2EAP_SEX_AGE_GEO_RT,"Unemployment rate by sex, age and rural / urban areas -- ILO modelled estimates, Nov. 2019 (%)",SEX_T,Sex: Total,AGE_YTHADULT_YGE15,"Age (Youth, adults): 15+",GEO_COV_NAT,Area type: National,2020,0.542
SLE,Sierra Leone,XA:2124,SLE - ILO - ILO modelled estimates,UNE_2EAP_SEX_AGE_GEO_RT,"Unemployment rate by sex, age and rural / urban areas -- ILO modelled estimates, Nov. 2019 (%)",SEX_T,Sex: Total,AGE_YTHADULT_YGE15,"Age (Youth, adults): 15+",GEO_COV_NAT,Area type: National,2020,4.441
SLV,El Salvador,XA:2126,SLV - ILO - ILO modelled estimates,UNE_2EAP_SEX_AGE_GEO_RT,"Unemployment rate by sex, age and rural / urban areas -- ILO modelled estimates, Nov. 2019 (%)",SEX_T,Sex: Total,AGE_YTHADULT_YGE15,"Age (Youth, adults): 15+",GEO_COV_NAT,Area type: National,2020,4.196
SOM,Somalia,XA:2128,SOM - ILO - ILO modelled estimates,UNE_2EAP_SEX_AGE_GEO_RT,"Unemployment rate by sex, age and rural / urban areas -- ILO modelled estimates, Nov. 2019 (%)",SEX_T,Sex: Total,AGE_YTHADULT_YGE15,"Age (Youth, adults): 15+",GEO_COV_NAT,Area type: National,2020,11.4
SRB,Serbia,XA:2130,SRB - ILO - ILO modelled estimates,UNE_2EAP_SEX_AGE_GEO_RT,"Unemployment rate by sex, age and rural / urban areas -- ILO modelled estimates, Nov. 2019 (%)",SEX_T,Sex: Total,AGE_YTHADULT_YGE15,"Age (Youth, adults): 15+",GEO_COV_NAT,Area type: National,2020,12.722
SSD,South Sudan,XA:8371,SSD - ILO - ILO modelled estimates,UNE_2EAP_SEX_AGE_GEO_RT,"Unemployment rate by sex, age and rural / urban areas -- ILO modelled estimates, Nov. 2019 (%)",SEX_T,Sex: Total,AGE_YTHADULT_YGE15,"Age (Youth, adults): 15+",GEO_COV_NAT,Area type: National,2020,12.257
STP,Sao Tome and Principe,XA:2132,STP - ILO - ILO modelled estimates,UNE_2EAP_SEX_AGE_GEO_RT,"Unemployment rate by sex, age and rural / urban areas -- ILO modelled estimates, Nov. 2019 (%)",SEX_T,Sex: Total,AGE_YTHADULT_YGE15,"Age (Youth, adults): 15+",GEO_COV_NAT,Area type: National,2020,13.671
SUR,Suriname,XA:2134,SUR - ILO - ILO modelled estimates,UNE_2EAP_SEX_AGE_GEO_RT,"Unemployment rate by sex, age and rural / urban areas -- ILO modelled estimates, Nov. 2019 (%)",SEX_T,Sex: Total,AGE_YTHADULT_YGE15,"Age (Youth, adults): 15+",GEO_COV_NAT,Area type: National,2020,7.472
SVK,Slovakia,XA:2136,SVK - ILO - ILO modelled estimates,UNE_2EAP_SEX_AGE_GEO_RT,"Unemployment rate by sex, age and rural / urban areas -- ILO modelled estimates, Nov. 2019 (%)",SEX_T,Sex: Total,AGE_YTHADULT_YGE15,"Age (Youth, adults): 15+",GEO_COV_NAT,Area type: National,2020,5.104
SVN,Slovenia,XA:2138,SVN - ILO - ILO modelled estimates,UNE_2EAP_SEX_AGE_GEO_RT,"Unemployment rate by sex, age and rural / urban areas -- ILO modelled estimates, Nov. 2019 (%)",SEX_T,Sex: Total,AGE_YTHADULT_YGE15,"Age (Youth, adults): 15+",GEO_COV_NAT,Area type: National,2020,3.802
SWE,Sweden,XA:2140,SWE - ILO - ILO modelled estimates,UNE_2EAP_SEX_AGE_GEO_RT,"Unemployment rate by sex, age and rural / urban areas -- ILO modelled estimates, Nov. 2019 (%)",SEX_T,Sex: Total,AGE_YTHADULT_YGE15,"Age (Youth, adults): 15+",GEO_COV_NAT,Area type: National,2020,6.674
SWZ,Eswatini,XA:2142,SWZ - ILO - ILO modelled estimates,UNE_2EAP_SEX_AGE_GEO_RT,"Unemployment rate by sex, age and rural / urban areas -- ILO modelled estimates, Nov. 2019 (%)",SEX_T,Sex: Total,AGE_YTHADULT_YGE15,"Age (Youth, adults): 15+",GEO_COV_NAT,Area type: National,2020,21.971
SYR,Syrian Arab Republic,XA:2144,SYR - ILO - ILO modelled estimates,UNE_2EAP_SEX_AGE_GEO_RT,"Unemployment rate by sex, age and rural / urban areas -- ILO modelled estimates, Nov. 2019 (%)",SEX_T,Sex: Total,AGE_YTHADULT_YGE15,"Age (Youth, adults): 15+",GEO_COV_NAT,Area type: National,2020,8.448
TCD,Chad,XA:2146,TCD - ILO - ILO modelled estimates,UNE_2EAP_SEX_AGE_GEO_RT,"Unemployment rate by sex, age and rural / urban areas -- ILO modelled estimates, Nov. 2019 (%)",SEX_T,Sex: Total,AGE_YTHADULT_YGE15,"Age (Youth, adults): 15+",GEO_COV_NAT,Area type: National,2020,1.943
TGO,Togo,XA:2148,TGO - ILO - ILO modelled estimates,UNE_2EAP_SEX_AGE_GEO_RT,"Unemployment rate by sex, age and rural / urban areas -- ILO modelled estimates, Nov. 2019 (%)",SEX_T,Sex: Total,AGE_YTHADULT_YGE15,"Age (Youth, adults): 15+",GEO_COV_NAT,Area type: National,2020,2.005
THA,Thailand,XA:2150,THA - ILO - ILO modelled estimates,UNE_2EAP_SEX_AGE_GEO_RT,"Unemployment rate by sex, age and rural / urban areas -- ILO modelled estimates, Nov. 2019 (%)",SEX_T,Sex: Total,AGE_YTHADULT_YGE15,"Age (Youth, adults): 15+",GEO_COV_NAT,Area type: National,2020,0.803
TJK,Tajikistan,XA:2152,TJK - ILO - ILO modelled estimates,UNE_2EAP_SEX_AGE_GEO_RT,"Unemployment rate by sex, age and rural / urban areas -- ILO modelled estimates, Nov. 2019 (%)",SEX_T,Sex: Total,AGE_YTHADULT_YGE15,"Age (Youth, adults): 15+",GEO_COV_NAT,Area type: National,2020,10.989
TKM,Turkmenistan,XA:1987,TKM - ILO - ILO modelled estimates,UNE_2EAP_SEX_AGE_GEO_RT,"Unemployment rate by sex, age and rural / urban areas -- ILO modelled estimates, Nov. 2019 (%)",SEX_T,Sex: Total,AGE_YTHADULT_YGE15,"Age (Youth, adults): 15+",GEO_COV_NAT,Area type: National,2020,4.071
TLS,Timor-Leste,XA:2156,TLS - ILO - ILO modelled estimates,UNE_2EAP_SEX_AGE_GEO_RT,"Unemployment rate by sex, age and rural / urban areas -- ILO modelled estimates, Nov. 2019 (%)",SEX_T,Sex: Total,AGE_YTHADULT_YGE15,"Age (Youth, adults): 15+",GEO_COV_NAT,Area type: National,2020,4.603
TON,Tonga,XA:2158,TON - ILO - ILO modelled estimates,UNE_2EAP_SEX_AGE_GEO_RT,"Unemployment rate by sex, age and rural / urban areas -- ILO modelled estimates, Nov. 2019 (%)",SEX_T,Sex: Total,AGE_YTHADULT_YGE15,"Age (Youth, adults): 15+",GEO_COV_NAT,Area type: National,2020,1.157
TTO,Trinidad and Tobago,XA:2160,TTO - ILO - ILO modelled estimates,UNE_2EAP_SEX_AGE_GEO_RT,"Unemployment rate by sex, age and rural / urban areas -- ILO modelled estimates, Nov. 2019 (%)",SEX_T,Sex: Total,AGE_YTHADULT_YGE15,"Age (Youth, adults): 15+",GEO_COV_NAT,Area type: National,2020,2.795
TUN,Tunisia,XA:2162,TUN - ILO - ILO modelled estimates,UNE_2EAP_SEX_AGE_GEO_RT,"Unemployment rate by sex, age and rural / urban areas -- ILO modelled estimates, Nov. 2019 (%)",SEX_T,Sex: Total,AGE_YTHADULT_YGE15,"Age (Youth, adults): 15+",GEO_COV_NAT,Area type: National,2020,16.154
TUR,Turkey,XA:2164,TUR - ILO - ILO modelled estimates,UNE_2EAP_SEX_AGE_GEO_RT,"Unemployment rate by sex, age and rural / urban areas -- ILO modelled estimates, Nov. 2019 (%)",SEX_T,Sex: Total,AGE_YTHADULT_YGE15,"Age (Youth, adults): 15+",GEO_COV_NAT,Area type: National,2020,12.941
TWN,"Taiwan, China",XA:8368,TWN - ILO - ILO modelled estimates,UNE_2EAP_SEX_AGE_GEO_RT,"Unemployment rate by sex, age and rural / urban areas -- ILO modelled estimates, Nov. 2019 (%)",SEX_T,Sex: Total,AGE_YTHADULT_YGE15,"Age (Youth, adults): 15+",GEO_COV_NAT,Area type: National,2020,3.841
TZA,"Tanzania, United Republic of",XA:2166,TZA - ILO - ILO modelled estimates,UNE_2EAP_SEX_AGE_GEO_RT,"Unemployment rate by sex, age and rural / urban areas -- ILO modelled estimates, Nov. 2019 (%)",SEX_T,Sex: Total,AGE_YTHADULT_YGE15,"Age (Youth, adults): 15+",GEO_COV_NAT,Area type: National,2020,1.981
UGA,Uganda,XA:2168,UGA - ILO - ILO modelled estimates,UNE_2EAP_SEX_AGE_GEO_RT,"Unemployment rate by sex, age and rural / urban areas -- ILO modelled estimates, Nov. 2019 (%)",SEX_T,Sex: Total,AGE_YTHADULT_YGE15,"Age (Youth, adults): 15+",GEO_COV_NAT,Area type: National,2020,1.919
UKR,Ukraine,XA:2170,UKR - ILO - ILO modelled estimates,UNE_2EAP_SEX_AGE_GEO_RT,"Unemployment rate by sex, age and rural / urban areas -- ILO modelled estimates, Nov. 2019 (%)",SEX_T,Sex: Total,AGE_YTHADULT_YGE15,"Age (Youth, adults): 15+",GEO_COV_NAT,Area type: National,2020,8.934
URY,Uruguay,XA:2172,URY - ILO - ILO modelled estimates,UNE_2EAP_SEX_AGE_GEO_RT,"Unemployment rate by sex, age and rural / urban areas -- ILO modelled estimates, Nov. 2019 (%)",SEX_T,Sex: Total,AGE_YTHADULT_YGE15,"Age (Youth, adults): 15+",GEO_COV_NAT,Area type: National,2020,8.777
USA,United States,XA:2174,USA - ILO - ILO modelled estimates,UNE_2EAP_SEX_AGE_GEO_RT,"Unemployment rate by sex, age and rural / urban areas -- ILO modelled estimates, Nov. 2019 (%)",SEX_T,Sex: Total,AGE_YTHADULT_YGE15,"Age (Youth, adults): 15+",GEO_COV_NAT,Area type: National,2020,3.862
UZB,Uzbekistan,XA:2176,UZB - ILO - ILO modelled estimates,UNE_2EAP_SEX_AGE_GEO_RT,"Unemployment rate by sex, age and rural / urban areas -- ILO modelled estimates, Nov. 2019 (%)",SEX_T,Sex: Total,AGE_YTHADULT_YGE15,"Age (Youth, adults): 15+",GEO_COV_NAT,Area type: National,2020,6.082
VCT,Saint Vincent and the Grenadines,XA:2178,VCT - ILO - ILO modelled estimates,UNE_2EAP_SEX_AGE_GEO_RT,"Unemployment rate by sex, age and rural / urban areas -- ILO modelled estimates, Nov. 2019 (%)",SEX_T,Sex: Total,AGE_YTHADULT_YGE15,"Age (Youth, adults): 15+",GEO_COV_NAT,Area type: National,2020,18.87
VEN,"Venezuela, Bolivarian Republic of",XA:2180,VEN - ILO - ILO modelled estimates,UNE_2EAP_SEX_AGE_GEO_RT,"Unemployment rate by sex, age and rural / urban areas -- ILO modelled estimates, Nov. 2019 (%)",SEX_T,Sex: Total,AGE_YTHADULT_YGE15,"Age (Youth, adults): 15+",GEO_COV_NAT,Area type: National,2020,9.381
VIR,United States Virgin Islands,XA:2182,VIR - ILO - ILO modelled estimates,UNE_2EAP_SEX_AGE_GEO_RT,"Unemployment rate by sex, age and rural / urban areas -- ILO modelled estimates, Nov. 2019 (%)",SEX_T,Sex: Total,AGE_YTHADULT_YGE15,"Age (Youth, adults): 15+",GEO_COV_NAT,Area type: National,2020,8.759
VNM,Viet Nam,XA:2184,VNM - ILO - ILO modelled estimates,UNE_2EAP_SEX_AGE_GEO_RT,"Unemployment rate by sex, age and rural / urban areas -- ILO modelled estimates, Nov. 2019 (%)",SEX_T,Sex: Total,AGE_YTHADULT_YGE15,"Age (Youth, adults): 15+",GEO_COV_NAT,Area type: National,2020,2.022
VUT,Vanuatu,XA:2186,VUT - ILO - ILO modelled estimates,UNE_2EAP_SEX_AGE_GEO_RT,"Unemployment rate by sex, age and rural / urban areas -- ILO modelled estimates, Nov. 2019 (%)",SEX_T,Sex: Total,AGE_YTHADULT_YGE15,"Age (Youth, adults): 15+",GEO_COV_NAT,Area type: National,2020,4.408
WSM,Samoa,XA:2188,WSM - ILO - ILO modelled estimates,UNE_2EAP_SEX_AGE_GEO_RT,"Unemployment rate by sex, age and rural / urban areas -- ILO modelled estimates, Nov. 2019 (%)",SEX_T,Sex: Total,AGE_YTHADULT_YGE15,"Age (Youth, adults): 15+",GEO_COV_NAT,Area type: National,2020,8.355
X01,World,XA:8405,X01 - ILO - ILO modelled estimates,UNE_2EAP_SEX_AGE_GEO_RT,"Unemployment rate by sex, age and rural / urban areas -- ILO modelled estimates, Nov. 2019 (%)",SEX_T,Sex: Total,AGE_YTHADULT_YGE15,"Age (Youth, adults): 15+",GEO_COV_NAT,Area type: National,2020,5.415
X02,World: Low income,XA:8402,X02 - ILO - ILO modelled estimates,UNE_2EAP_SEX_AGE_GEO_RT,"Unemployment rate by sex, age and rural / urban areas -- ILO modelled estimates, Nov. 2019 (%)",SEX_T,Sex: Total,AGE_YTHADULT_YGE15,"Age (Youth, adults): 15+",GEO_COV_NAT,Area type: National,2020,3.916
X03,World: Lower-middle income,XA:8403,X03 - ILO - ILO modelled estimates,UNE_2EAP_SEX_AGE_GEO_RT,"Unemployment rate by sex, age and rural / urban areas -- ILO modelled estimates, Nov. 2019 (%)",SEX_T,Sex: Total,AGE_YTHADULT_YGE15,"Age (Youth, adults): 15+",GEO_COV_NAT,Area type: National,2020,5.302
X04,World: Upper-middle income,XA:8401,X04 - ILO - ILO modelled estimates,UNE_2EAP_SEX_AGE_GEO_RT,"Unemployment rate by sex, age and rural / urban areas -- ILO modelled estimates, Nov. 2019 (%)",SEX_T,Sex: Total,AGE_YTHADULT_YGE15,"Age (Youth, adults): 15+",GEO_COV_NAT,Area type: National,2020,6.114
X05,World: High income,XA:8404,X05 - ILO - ILO modelled estimates,UNE_2EAP_SEX_AGE_GEO_RT,"Unemployment rate by sex, age and rural / urban areas -- ILO modelled estimates, Nov. 2019 (%)",SEX_T,Sex: Total,AGE_YTHADULT_YGE15,"Age (Youth, adults): 15+",GEO_COV_NAT,Area type: National,2020,4.815
X06,Africa,XA:8372,X06 - ILO - ILO modelled estimates,UNE_2EAP_SEX_AGE_GEO_RT,"Unemployment rate by sex, age and rural / urban areas -- ILO modelled estimates, Nov. 2019 (%)",SEX_T,Sex: Total,AGE_YTHADULT_YGE15,"Age (Youth, adults): 15+",GEO_COV_NAT,Area type: National,2020,6.769
X07,Africa: Low income,XA:8406,X07 - ILO - ILO modelled estimates,UNE_2EAP_SEX_AGE_GEO_RT,"Unemployment rate by sex, age and rural / urban areas -- ILO modelled estimates, Nov. 2019 (%)",SEX_T,Sex: Total,AGE_YTHADULT_YGE15,"Age (Youth, adults): 15+",GEO_COV_NAT,Area type: National,2020,3.196
X08,Africa: Lower-middle income,XA:8407,X08 - ILO - ILO modelled estimates,UNE_2EAP_SEX_AGE_GEO_RT,"Unemployment rate by sex, age and rural / urban areas -- ILO modelled estimates, Nov. 2019 (%)",SEX_T,Sex: Total,AGE_YTHADULT_YGE15,"Age (Youth, adults): 15+",GEO_COV_NAT,Area type: National,2020,7.801
X09,Africa: Upper-middle income,XA:8408,X09 - ILO - ILO modelled estimates,UNE_2EAP_SEX_AGE_GEO_RT,"Unemployment rate by sex, age and rural / urban areas -- ILO modelled estimates, Nov. 2019 (%)",SEX_T,Sex: Total,AGE_YTHADULT_YGE15,"Age (Youth, adults): 15+",GEO_COV_NAT,Area type: National,2020,21.973
X10,Northern Africa,XA:8373,X10 - ILO - ILO modelled estimates,UNE_2EAP_SEX_AGE_GEO_RT,"Unemployment rate by sex, age and rural / urban areas -- ILO modelled estimates, Nov. 2019 (%)",SEX_T,Sex: Total,AGE_YTHADULT_YGE15,"Age (Youth, adults): 15+",GEO_COV_NAT,Area type: National,2020,11.866
X11,Northern Africa: Lower-middle income,XA:8409,X11 - ILO - ILO modelled estimates,UNE_2EAP_SEX_AGE_GEO_RT,"Unemployment rate by sex, age and rural / urban areas -- ILO modelled estimates, Nov. 2019 (%)",SEX_T,Sex: Total,AGE_YTHADULT_YGE15,"Age (Youth, adults): 15+",GEO_COV_NAT,Area type: National,2020,11.662
X12,Northern Africa: Upper-middle income,XA:8410,X12 - ILO - ILO modelled estimates,UNE_2EAP_SEX_AGE_GEO_RT,"Unemployment rate by sex, age and rural / urban areas -- ILO modelled estimates, Nov. 2019 (%)",SEX_T,Sex: Total,AGE_YTHADULT_YGE15,"Age (Youth, adults): 15+",GEO_COV_NAT,Area type: National,2020,12.699
X13,Sub-Saharan Africa,XA:8374,X13 - ILO - ILO modelled estimates,UNE_2EAP_SEX_AGE_GEO_RT,"Unemployment rate by sex, age and rural / urban areas -- ILO modelled estimates, Nov. 2019 (%)",SEX_T,Sex: Total,AGE_YTHADULT_YGE15,"Age (Youth, adults): 15+",GEO_COV_NAT,Area type: National,2020,5.868
X14,Sub-Saharan Africa: Low income,XA:8411,X14 - ILO - ILO modelled estimates,UNE_2EAP_SEX_AGE_GEO_RT,"Unemployment rate by sex, age and rural / urban areas -- ILO modelled estimates, Nov. 2019 (%)",SEX_T,Sex: Total,AGE_YTHADULT_YGE15,"Age (Youth, adults): 15+",GEO_COV_NAT,Area type: National,2020,3.196
X15,Sub-Saharan Africa: Lower-middle income,XA:8412,X15 - ILO - ILO modelled estimates,UNE_2EAP_SEX_AGE_GEO_RT,"Unemployment rate by sex, age and rural / urban areas -- ILO modelled estimates, Nov. 2019 (%)",SEX_T,Sex: Total,AGE_YTHADULT_YGE15,"Age (Youth, adults): 15+",GEO_COV_NAT,Area type: National,2020,6.322
X16,Sub-Saharan Africa: Upper-middle income,XA:8413,X16 - ILO - ILO modelled estimates,UNE_2EAP_SEX_AGE_GEO_RT,"Unemployment rate by sex, age and rural / urban areas -- ILO modelled estimates, Nov. 2019 (%)",SEX_T,Sex: Total,AGE_YTHADULT_YGE15,"Age (Youth, adults): 15+",GEO_COV_NAT,Area type: National,2020,27.073
X17,Central Africa,XA:8392,X17 - ILO - ILO modelled estimates,UNE_2EAP_SEX_AGE_GEO_RT,"Unemployment rate by sex, age and rural / urban areas -- ILO modelled estimates, Nov. 2019 (%)",SEX_T,Sex: Total,AGE_YTHADULT_YGE15,"Age (Youth, adults): 15+",GEO_COV_NAT,Area type: National,2020,4.758
X18,Eastern Africa,XA:8375,X18 - ILO - ILO modelled estimates,UNE_2EAP_SEX_AGE_GEO_RT,"Unemployment rate by sex, age and rural / urban areas -- ILO modelled estimates, Nov. 2019 (%)",SEX_T,Sex: Total,AGE_YTHADULT_YGE15,"Age (Youth, adults): 15+",GEO_COV_NAT,Area type: National,2020,3.238
X19,Southern Africa,XA:8376,X19 - ILO - ILO modelled estimates,UNE_2EAP_SEX_AGE_GEO_RT,"Unemployment rate by sex, age and rural / urban areas -- ILO modelled estimates, Nov. 2019 (%)",SEX_T,Sex: Total,AGE_YTHADULT_YGE15,"Age (Youth, adults): 15+",GEO_COV_NAT,Area type: National,2020,27.499
X20,Western Africa,XA:8387,X20 - ILO - ILO modelled estimates,UNE_2EAP_SEX_AGE_GEO_RT,"Unemployment rate by sex, age and rural / urban areas -- ILO modelled estimates, Nov. 2019 (%)",SEX_T,Sex: Total,AGE_YTHADULT_YGE15,"Age (Youth, adults): 15+",GEO_COV_NAT,Area type: National,2020,5.979
X21,Americas,XA:8377,X21 - ILO - ILO modelled estimates,UNE_2EAP_SEX_AGE_GEO_RT,"Unemployment rate by sex, age and rural / urban areas -- ILO modelled estimates, Nov. 2019 (%)",SEX_T,Sex: Total,AGE_YTHADULT_YGE15,"Age (Youth, adults): 15+",GEO_COV_NAT,Area type: National,2020,6.61
X22,Americas: Low income,XA:8414,X22 - ILO - ILO modelled estimates,UNE_2EAP_SEX_AGE_GEO_RT,"Unemployment rate by sex, age and rural / urban areas -- ILO modelled estimates, Nov. 2019 (%)",SEX_T,Sex: Total,AGE_YTHADULT_YGE15,"Age (Youth, adults): 15+",GEO_COV_NAT,Area type: National,2020,13.915
X23,Americas: Lower-middle income,XA:8415,X23 - ILO - ILO modelled estimates,UNE_2EAP_SEX_AGE_GEO_RT,"Unemployment rate by sex, age and rural / urban areas -- ILO modelled estimates, Nov. 2019 (%)",SEX_T,Sex: Total,AGE_YTHADULT_YGE15,"Age (Youth, adults): 15+",GEO_COV_NAT,Area type: National,2020,4.823
X24,Americas: Upper-middle income,XA:8416,X24 - ILO - ILO modelled estimates,UNE_2EAP_SEX_AGE_GEO_RT,"Unemployment rate by sex, age and rural / urban areas -- ILO modelled estimates, Nov. 2019 (%)",SEX_T,Sex: Total,AGE_YTHADULT_YGE15,"Age (Youth, adults): 15+",GEO_COV_NAT,Area type: National,2020,8.29
X25,Americas: High income,XA:8417,X25 - ILO - ILO modelled estimates,UNE_2EAP_SEX_AGE_GEO_RT,"Unemployment rate by sex, age and rural / urban areas -- ILO modelled estimates, Nov. 2019 (%)",SEX_T,Sex: Total,AGE_YTHADULT_YGE15,"Age (Youth, adults): 15+",GEO_COV_NAT,Area type: National,2020,4.248
X26,Latin America and the Caribbean,XA:8378,X26 - ILO - ILO modelled estimates,UNE_2EAP_SEX_AGE_GEO_RT,"Unemployment rate by sex, age and rural / urban areas -- ILO modelled estimates, Nov. 2019 (%)",SEX_T,Sex: Total,AGE_YTHADULT_YGE15,"Age (Youth, adults): 15+",GEO_COV_NAT,Area type: National,2020,8.133
X27,Latin America and the Caribbean: Low income,XA:8418,X27 - ILO - ILO modelled estimates,UNE_2EAP_SEX_AGE_GEO_RT,"Unemployment rate by sex, age and rural / urban areas -- ILO modelled estimates, Nov. 2019 (%)",SEX_T,Sex: Total,AGE_YTHADULT_YGE15,"Age (Youth, adults): 15+",GEO_COV_NAT,Area type: National,2020,13.915
X28,Latin America and the Caribbean: Lower-middle income,XA:8419,X28 - ILO - ILO modelled estimates,UNE_2EAP_SEX_AGE_GEO_RT,"Unemployment rate by sex, age and rural / urban areas -- ILO modelled estimates, Nov. 2019 (%)",SEX_T,Sex: Total,AGE_YTHADULT_YGE15,"Age (Youth, adults): 15+",GEO_COV_NAT,Area type: National,2020,4.823
X29,Latin America and the Caribbean: Upper-middle income,XA:8420,X29 - ILO - ILO modelled estimates,UNE_2EAP_SEX_AGE_GEO_RT,"Unemployment rate by sex, age and rural / urban areas -- ILO modelled estimates, Nov. 2019 (%)",SEX_T,Sex: Total,AGE_YTHADULT_YGE15,"Age (Youth, adults): 15+",GEO_COV_NAT,Area type: National,2020,8.293
X30,Latin America and the Caribbean: High income,XA:8421,X30 - ILO - ILO modelled estimates,UNE_2EAP_SEX_AGE_GEO_RT,"Unemployment rate by sex, age and rural / urban areas -- ILO modelled estimates, Nov. 2019 (%)",SEX_T,Sex: Total,AGE_YTHADULT_YGE15,"Age (Youth, adults): 15+",GEO_COV_NAT,Area type: National,2020,6.844
X31,Caribbean,XA:8379,X31 - ILO - ILO modelled estimates,UNE_2EAP_SEX_AGE_GEO_RT,"Unemployment rate by sex, age and rural / urban areas -- ILO modelled estimates, Nov. 2019 (%)",SEX_T,Sex: Total,AGE_YTHADULT_YGE15,"Age (Youth, adults): 15+",GEO_COV_NAT,Area type: National,2020,7.341
X32,Central America,XA:8380,X32 - ILO - ILO modelled estimates,UNE_2EAP_SEX_AGE_GEO_RT,"Unemployment rate by sex, age and rural / urban areas -- ILO modelled estimates, Nov. 2019 (%)",SEX_T,Sex: Total,AGE_YTHADULT_YGE15,"Age (Youth, adults): 15+",GEO_COV_NAT,Area type: National,2020,4.092
X33,South America,XA:8381,X33 - ILO - ILO modelled estimates,UNE_2EAP_SEX_AGE_GEO_RT,"Unemployment rate by sex, age and rural / urban areas -- ILO modelled estimates, Nov. 2019 (%)",SEX_T,Sex: Total,AGE_YTHADULT_YGE15,"Age (Youth, adults): 15+",GEO_COV_NAT,Area type: National,2020,9.707
X34,Northern America,XA:8382,X34 - ILO - ILO modelled estimates,UNE_2EAP_SEX_AGE_GEO_RT,"Unemployment rate by sex, age and rural / urban areas -- ILO modelled estimates, Nov. 2019 (%)",SEX_T,Sex: Total,AGE_YTHADULT_YGE15,"Age (Youth, adults): 15+",GEO_COV_NAT,Area type: National,2020,4.032
X35,Northern America: High income,XA:8422,X35 - ILO - ILO modelled estimates,UNE_2EAP_SEX_AGE_GEO_RT,"Unemployment rate by sex, age and rural / urban areas -- ILO modelled estimates, Nov. 2019 (%)",SEX_T,Sex: Total,AGE_YTHADULT_YGE15,"Age (Youth, adults): 15+",GEO_COV_NAT,Area type: National,2020,4.032
X36,Arab States,XA:8384,X36 - ILO - ILO modelled estimates,UNE_2EAP_SEX_AGE_GEO_RT,"Unemployment rate by sex, age and rural / urban areas -- ILO modelled estimates, Nov. 2019 (%)",SEX_T,Sex: Total,AGE_YTHADULT_YGE15,"Age (Youth, adults): 15+",GEO_COV_NAT,Area type: National,2020,8.041
X37,Arab States: Lower-middle income,XA:8423,X37 - ILO - ILO modelled estimates,UNE_2EAP_SEX_AGE_GEO_RT,"Unemployment rate by sex, age and rural / urban areas -- ILO modelled estimates, Nov. 2019 (%)",SEX_T,Sex: Total,AGE_YTHADULT_YGE15,"Age (Youth, adults): 15+",GEO_COV_NAT,Area type: National,2020,26.098
X38,Arab States: Upper-middle income,XA:8424,X38 - ILO - ILO modelled estimates,UNE_2EAP_SEX_AGE_GEO_RT,"Unemployment rate by sex, age and rural / urban areas -- ILO modelled estimates, Nov. 2019 (%)",SEX_T,Sex: Total,AGE_YTHADULT_YGE15,"Age (Youth, adults): 15+",GEO_COV_NAT,Area type: National,2020,12.137
X39,Arab States: High income,XA:8425,X39 - ILO - ILO modelled estimates,UNE_2EAP_SEX_AGE_GEO_RT,"Unemployment rate by sex, age and rural / urban areas -- ILO modelled estimates, Nov. 2019 (%)",SEX_T,Sex: Total,AGE_YTHADULT_YGE15,"Age (Youth, adults): 15+",GEO_COV_NAT,Area type: National,2020,3.883
X40,Asia and the Pacific,XA:8385,X40 - ILO - ILO modelled estimates,UNE_2EAP_SEX_AGE_GEO_RT,"Unemployment rate by sex, age and rural / urban areas -- ILO modelled estimates, Nov. 2019 (%)",SEX_T,Sex: Total,AGE_YTHADULT_YGE15,"Age (Youth, adults): 15+",GEO_COV_NAT,Area type: National,2020,4.43
X41,Asia and the Pacific: Low income,XA:8426,X41 - ILO - ILO modelled estimates,UNE_2EAP_SEX_AGE_GEO_RT,"Unemployment rate by sex, age and rural / urban areas -- ILO modelled estimates, Nov. 2019 (%)",SEX_T,Sex: Total,AGE_YTHADULT_YGE15,"Age (Youth, adults): 15+",GEO_COV_NAT,Area type: National,2020,4.328
X42,Asia and the Pacific: Lower-middle income,XA:8427,X42 - ILO - ILO modelled estimates,UNE_2EAP_SEX_AGE_GEO_RT,"Unemployment rate by sex, age and rural / urban areas -- ILO modelled estimates, Nov. 2019 (%)",SEX_T,Sex: Total,AGE_YTHADULT_YGE15,"Age (Youth, adults): 15+",GEO_COV_NAT,Area type: National,2020,4.597
X43,Asia and the Pacific: Upper-middle income,XA:8428,X43 - ILO - ILO modelled estimates,UNE_2EAP_SEX_AGE_GEO_RT,"Unemployment rate by sex, age and rural / urban areas -- ILO modelled estimates, Nov. 2019 (%)",SEX_T,Sex: Total,AGE_YTHADULT_YGE15,"Age (Youth, adults): 15+",GEO_COV_NAT,Area type: National,2020,4.409
X44,Asia and the Pacific: High income,XA:8429,X44 - ILO - ILO modelled estimates,UNE_2EAP_SEX_AGE_GEO_RT,"Unemployment rate by sex, age and rural / urban areas -- ILO modelled estimates, Nov. 2019 (%)",SEX_T,Sex: Total,AGE_YTHADULT_YGE15,"Age (Youth, adults): 15+",GEO_COV_NAT,Area type: National,2020,3.435
X45,Eastern Asia,XA:8386,X45 - ILO - ILO modelled estimates,UNE_2EAP_SEX_AGE_GEO_RT,"Unemployment rate by sex, age and rural / urban areas -- ILO modelled estimates, Nov. 2019 (%)",SEX_T,Sex: Total,AGE_YTHADULT_YGE15,"Age (Youth, adults): 15+",GEO_COV_NAT,Area type: National,2020,4.194
X46,Eastern Asia: Low income,XA:8430,X46 - ILO - ILO modelled estimates,UNE_2EAP_SEX_AGE_GEO_RT,"Unemployment rate by sex, age and rural / urban areas -- ILO modelled estimates, Nov. 2019 (%)",SEX_T,Sex: Total,AGE_YTHADULT_YGE15,"Age (Youth, adults): 15+",GEO_COV_NAT,Area type: National,2020,2.764
X47,Eastern Asia: Upper-middle income,XA:8431,X47 - ILO - ILO modelled estimates,UNE_2EAP_SEX_AGE_GEO_RT,"Unemployment rate by sex, age and rural / urban areas -- ILO modelled estimates, Nov. 2019 (%)",SEX_T,Sex: Total,AGE_YTHADULT_YGE15,"Age (Youth, adults): 15+",GEO_COV_NAT,Area type: National,2020,4.37
X48,Eastern Asia: High income,XA:8432,X48 - ILO - ILO modelled estimates,UNE_2EAP_SEX_AGE_GEO_RT,"Unemployment rate by sex, age and rural / urban areas -- ILO modelled estimates, Nov. 2019 (%)",SEX_T,Sex: Total,AGE_YTHADULT_YGE15,"Age (Youth, adults): 15+",GEO_COV_NAT,Area type: National,2020,3.132
X49,South-Eastern Asia and the Pacific,XA:8388,X49 - ILO - ILO modelled estimates,UNE_2EAP_SEX_AGE_GEO_RT,"Unemployment rate by sex, age and rural / urban areas -- ILO modelled estimates, Nov. 2019 (%)",SEX_T,Sex: Total,AGE_YTHADULT_YGE15,"Age (Youth, adults): 15+",GEO_COV_NAT,Area type: National,2020,3.155
X51,South-Eastern Asia and the Pacific: Lower-middle income,XA:8434,X51 - ILO - ILO modelled estimates,UNE_2EAP_SEX_AGE_GEO_RT,"Unemployment rate by sex, age and rural / urban areas -- ILO modelled estimates, Nov. 2019 (%)",SEX_T,Sex: Total,AGE_YTHADULT_YGE15,"Age (Youth, adults): 15+",GEO_COV_NAT,Area type: National,2020,3.324
X52,South-Eastern Asia and the Pacific: Upper-middle income,XA:8435,X52 - ILO - ILO modelled estimates,UNE_2EAP_SEX_AGE_GEO_RT,"Unemployment rate by sex, age and rural / urban areas -- ILO modelled estimates, Nov. 2019 (%)",SEX_T,Sex: Total,AGE_YTHADULT_YGE15,"Age (Youth, adults): 15+",GEO_COV_NAT,Area type: National,2020,1.573
X53,South-Eastern Asia and the Pacific: High income,XA:8436,X53 - ILO - ILO modelled estimates,UNE_2EAP_SEX_AGE_GEO_RT,"Unemployment rate by sex, age and rural / urban areas -- ILO modelled estimates, Nov. 2019 (%)",SEX_T,Sex: Total,AGE_YTHADULT_YGE15,"Age (Youth, adults): 15+",GEO_COV_NAT,Area type: National,2020,2.28
X54,South-Eastern Asia,XA:8389,X54 - ILO - ILO modelled estimates,UNE_2EAP_SEX_AGE_GEO_RT,"Unemployment rate by sex, age and rural / urban areas -- ILO modelled estimates, Nov. 2019 (%)",SEX_T,Sex: Total,AGE_YTHADULT_YGE15,"Age (Youth, adults): 15+",GEO_COV_NAT,Area type: National,2020,3.059
X55,Pacific Islands,XA:8390,X55 - ILO - ILO modelled estimates,UNE_2EAP_SEX_AGE_GEO_RT,"Unemployment rate by sex, age and rural / urban areas -- ILO modelled estimates, Nov. 2019 (%)",SEX_T,Sex: Total,AGE_YTHADULT_YGE15,"Age (Youth, adults): 15+",GEO_COV_NAT,Area type: National,2020,4.747
X56,Southern Asia,XA:8391,X56 - ILO - ILO modelled estimates,UNE_2EAP_SEX_AGE_GEO_RT,"Unemployment rate by sex, age and rural / urban areas -- ILO modelled estimates, Nov. 2019 (%)",SEX_T,Sex: Total,AGE_YTHADULT_YGE15,"Age (Youth, adults): 15+",GEO_COV_NAT,Area type: National,2020,5.377
X57,Southern Asia: Low income,XA:8437,X57 - ILO - ILO modelled estimates,UNE_2EAP_SEX_AGE_GEO_RT,"Unemployment rate by sex, age and rural / urban areas -- ILO modelled estimates, Nov. 2019 (%)",SEX_T,Sex: Total,AGE_YTHADULT_YGE15,"Age (Youth, adults): 15+",GEO_COV_NAT,Area type: National,2020,5.239
X58,Southern Asia: Lower-middle income,XA:8438,X58 - ILO - ILO modelled estimates,UNE_2EAP_SEX_AGE_GEO_RT,"Unemployment rate by sex, age and rural / urban areas -- ILO modelled estimates, Nov. 2019 (%)",SEX_T,Sex: Total,AGE_YTHADULT_YGE15,"Age (Youth, adults): 15+",GEO_COV_NAT,Area type: National,2020,5.148
X59,Southern Asia: Upper-middle income,XA:8439,X59 - ILO - ILO modelled estimates,UNE_2EAP_SEX_AGE_GEO_RT,"Unemployment rate by sex, age and rural / urban areas -- ILO modelled estimates, Nov. 2019 (%)",SEX_T,Sex: Total,AGE_YTHADULT_YGE15,"Age (Youth, adults): 15+",GEO_COV_NAT,Area type: National,2020,9.486
X60,Europe and Central Asia,XA:8393,X60 - ILO - ILO modelled estimates,UNE_2EAP_SEX_AGE_GEO_RT,"Unemployment rate by sex, age and rural / urban areas -- ILO modelled estimates, Nov. 2019 (%)",SEX_T,Sex: Total,AGE_YTHADULT_YGE15,"Age (Youth, adults): 15+",GEO_COV_NAT,Area type: National,2020,6.606
X61,Europe and Central Asia: Lower-middle income,XA:8440,X61 - ILO - ILO modelled estimates,UNE_2EAP_SEX_AGE_GEO_RT,"Unemployment rate by sex, age and rural / urban areas -- ILO modelled estimates, Nov. 2019 (%)",SEX_T,Sex: Total,AGE_YTHADULT_YGE15,"Age (Youth, adults): 15+",GEO_COV_NAT,Area type: National,2020,7.527
X62,Europe and Central Asia: Upper-middle income,XA:8441,X62 - ILO - ILO modelled estimates,UNE_2EAP_SEX_AGE_GEO_RT,"Unemployment rate by sex, age and rural / urban areas -- ILO modelled estimates, Nov. 2019 (%)",SEX_T,Sex: Total,AGE_YTHADULT_YGE15,"Age (Youth, adults): 15+",GEO_COV_NAT,Area type: National,2020,7.093
X63,Europe and Central Asia: High income,XA:8442,X63 - ILO - ILO modelled estimates,UNE_2EAP_SEX_AGE_GEO_RT,"Unemployment rate by sex, age and rural / urban areas -- ILO modelled estimates, Nov. 2019 (%)",SEX_T,Sex: Total,AGE_YTHADULT_YGE15,"Age (Youth, adults): 15+",GEO_COV_NAT,Area type: National,2020,6.121
X64,"Northern, Southern and Western Europe",XA:8394,X64 - ILO - ILO modelled estimates,UNE_2EAP_SEX_AGE_GEO_RT,"Unemployment rate by sex, age and rural / urban areas -- ILO modelled estimates, Nov. 2019 (%)",SEX_T,Sex: Total,AGE_YTHADULT_YGE15,"Age (Youth, adults): 15+",GEO_COV_NAT,Area type: National,2020,6.867
X65,"Northern, Southern and Western Europe: Upper-middle income",XA:8443,X65 - ILO - ILO modelled estimates,UNE_2EAP_SEX_AGE_GEO_RT,"Unemployment rate by sex, age and rural / urban areas -- ILO modelled estimates, Nov. 2019 (%)",SEX_T,Sex: Total,AGE_YTHADULT_YGE15,"Age (Youth, adults): 15+",GEO_COV_NAT,Area type: National,2020,14.196
X66,"Northern, Southern and Western Europe: High income",XA:8444,X66 - ILO - ILO modelled estimates,UNE_2EAP_SEX_AGE_GEO_RT,"Unemployment rate by sex, age and rural / urban areas -- ILO modelled estimates, Nov. 2019 (%)",SEX_T,Sex: Total,AGE_YTHADULT_YGE15,"Age (Youth, adults): 15+",GEO_COV_NAT,Area type: National,2020,6.598
X67,Northern Europe,XA:8395,X67 - ILO - ILO modelled estimates,UNE_2EAP_SEX_AGE_GEO_RT,"Unemployment rate by sex, age and rural / urban areas -- ILO modelled estimates, Nov. 2019 (%)",SEX_T,Sex: Total,AGE_YTHADULT_YGE15,"Age (Youth, adults): 15+",GEO_COV_NAT,Area type: National,2020,4.653
X68,Southern Europe,XA:8396,X68 - ILO - ILO modelled estimates,UNE_2EAP_SEX_AGE_GEO_RT,"Unemployment rate by sex, age and rural / urban areas -- ILO modelled estimates, Nov. 2019 (%)",SEX_T,Sex: Total,AGE_YTHADULT_YGE15,"Age (Youth, adults): 15+",GEO_COV_NAT,Area type: National,2020,11.282
X69,Western Europe,XA:8383,X69 - ILO - ILO modelled estimates,UNE_2EAP_SEX_AGE_GEO_RT,"Unemployment rate by sex, age and rural / urban areas -- ILO modelled estimates, Nov. 2019 (%)",SEX_T,Sex: Total,AGE_YTHADULT_YGE15,"Age (Youth, adults): 15+",GEO_COV_NAT,Area type: National,2020,4.981
X70,Eastern Europe,XA:8397,X70 - ILO - ILO modelled estimates,UNE_2EAP_SEX_AGE_GEO_RT,"Unemployment rate by sex, age and rural / urban areas -- ILO modelled estimates, Nov. 2019 (%)",SEX_T,Sex: Total,AGE_YTHADULT_YGE15,"Age (Youth, adults): 15+",GEO_COV_NAT,Area type: National,2020,4.733
X71,Eastern Europe: Lower-middle income,XA:8445,X71 - ILO - ILO modelled estimates,UNE_2EAP_SEX_AGE_GEO_RT,"Unemployment rate by sex, age and rural / urban areas -- ILO modelled estimates, Nov. 2019 (%)",SEX_T,Sex: Total,AGE_YTHADULT_YGE15,"Age (Youth, adults): 15+",GEO_COV_NAT,Area type: National,2020,8.69
X72,Eastern Europe: Upper-middle income,XA:8446,X72 - ILO - ILO modelled estimates,UNE_2EAP_SEX_AGE_GEO_RT,"Unemployment rate by sex, age and rural / urban areas -- ILO modelled estimates, Nov. 2019 (%)",SEX_T,Sex: Total,AGE_YTHADULT_YGE15,"Age (Youth, adults): 15+",GEO_COV_NAT,Area type: National,2020,4.366
X73,Eastern Europe: High income,XA:8447,X73 - ILO - ILO modelled estimates,UNE_2EAP_SEX_AGE_GEO_RT,"Unemployment rate by sex, age and rural / urban areas -- ILO modelled estimates, Nov. 2019 (%)",SEX_T,Sex: Total,AGE_YTHADULT_YGE15,"Age (Youth, adults): 15+",GEO_COV_NAT,Area type: National,2020,3.087
X74,Central Asia,XA:8398,X74 - ILO - ILO modelled estimates,UNE_2EAP_SEX_AGE_GEO_RT,"Unemployment rate by sex, age and rural / urban areas -- ILO modelled estimates, Nov. 2019 (%)",SEX_T,Sex: Total,AGE_YTHADULT_YGE15,"Age (Youth, adults): 15+",GEO_COV_NAT,Area type: National,2020,5.912
X75,Central and Western Asia: Lower-middle income,XA:8448,X75 - ILO - ILO modelled estimates,UNE_2EAP_SEX_AGE_GEO_RT,"Unemployment rate by sex, age and rural / urban areas -- ILO modelled estimates, Nov. 2019 (%)",SEX_T,Sex: Total,AGE_YTHADULT_YGE15,"Age (Youth, adults): 15+",GEO_COV_NAT,Area type: National,2020,6.163
X76,Central and Western Asia: Upper-middle income,XA:8449,X76 - ILO - ILO modelled estimates,UNE_2EAP_SEX_AGE_GEO_RT,"Unemployment rate by sex, age and rural / urban areas -- ILO modelled estimates, Nov. 2019 (%)",SEX_T,Sex: Total,AGE_YTHADULT_YGE15,"Age (Youth, adults): 15+",GEO_COV_NAT,Area type: National,2020,10.446
X77,Central and Western Asia: High income,XA:8450,X77 - ILO - ILO modelled estimates,UNE_2EAP_SEX_AGE_GEO_RT,"Unemployment rate by sex, age and rural / urban areas -- ILO modelled estimates, Nov. 2019 (%)",SEX_T,Sex: Total,AGE_YTHADULT_YGE15,"Age (Youth, adults): 15+",GEO_COV_NAT,Area type: National,2020,4.252
X78,Central and Western Asia,XA:8399,X78 - ILO - ILO modelled estimates,UNE_2EAP_SEX_AGE_GEO_RT,"Unemployment rate by sex, age and rural / urban areas -- ILO modelled estimates, Nov. 2019 (%)",SEX_T,Sex: Total,AGE_YTHADULT_YGE15,"Age (Youth, adults): 15+",GEO_COV_NAT,Area type: National,2020,9.228
X79,Western Asia,XA:8400,X79 - ILO - ILO modelled estimates,UNE_2EAP_SEX_AGE_GEO_RT,"Unemployment rate by sex, age and rural / urban areas -- ILO modelled estimates, Nov. 2019 (%)",SEX_T,Sex: Total,AGE_YTHADULT_YGE15,"Age (Youth, adults): 15+",GEO_COV_NAT,Area type: National,2020,11.51
X82,European Union 28,XA:12988,X82 - ILO - ILO modelled estimates,UNE_2EAP_SEX_AGE_GEO_RT,"Unemployment rate by sex, age and rural / urban areas -- ILO modelled estimates, Nov. 2019 (%)",SEX_T,Sex: Total,AGE_YTHADULT_YGE15,"Age (Youth, adults): 15+",GEO_COV_NAT,Area type: National,2020,6.111
X83,G20,XA:12989,X83 - ILO - ILO modelled estimates,UNE_2EAP_SEX_AGE_GEO_RT,"Unemployment rate by sex, age and rural / urban areas -- ILO modelled estimates, Nov. 2019 (%)",SEX_T,Sex: Total,AGE_YTHADULT_YGE15,"Age (Youth, adults): 15+",GEO_COV_NAT,Area type: National,2020,5.501
X84,ASEAN,XA:12987,X84 - ILO - ILO modelled estimates,UNE_2EAP_SEX_AGE_GEO_RT,"Unemployment rate by sex, age and rural / urban areas -- ILO modelled estimates, Nov. 2019 (%)",SEX_T,Sex: Total,AGE_YTHADULT_YGE15,"Age (Youth, adults): 15+",GEO_COV_NAT,Area type: National,2020,3.057
X85,BRICS,XA:12990,X85 - ILO - ILO modelled estimates,UNE_2EAP_SEX_AGE_GEO_RT,"Unemployment rate by sex, age and rural / urban areas -- ILO modelled estimates, Nov. 2019 (%)",SEX_T,Sex: Total,AGE_YTHADULT_YGE15,"Age (Youth, adults): 15+",GEO_COV_NAT,Area type: National,2020,5.637
X86,Eastern Asia: Lower-middle income,XA:13328,X86 - ILO - ILO modelled estimates,UNE_2EAP_SEX_AGE_GEO_RT,"Unemployment rate by sex, age and rural / urban areas -- ILO modelled estimates, Nov. 2019 (%)",SEX_T,Sex: Total,AGE_YTHADULT_YGE15,"Age (Youth, adults): 15+",GEO_COV_NAT,Area type: National,2020,5.946
X87,World excluding BRICS,XA:13329,X87 - ILO - ILO modelled estimates,UNE_2EAP_SEX_AGE_GEO_RT,"Unemployment rate by sex, age and rural / urban areas -- ILO modelled estimates, Nov. 2019 (%)",SEX_T,Sex: Total,AGE_YTHADULT_YGE15,"Age (Youth, adults): 15+",GEO_COV_NAT,Area type: National,2020,5.251
X88,G7,XA:14065,X88 - ILO - ILO modelled estimates,UNE_2EAP_SEX_AGE_GEO_RT,"Unemployment rate by sex, age and rural / urban areas -- ILO modelled estimates, Nov. 2019 (%)",SEX_T,Sex: Total,AGE_YTHADULT_YGE15,"Age (Youth, adults): 15+",GEO_COV_NAT,Area type: National,2020,4.352
X89,MENA,XA:14066,X89 - ILO - ILO modelled estimates,UNE_2EAP_SEX_AGE_GEO_RT,"Unemployment rate by sex, age and rural / urban areas -- ILO modelled estimates, Nov. 2019 (%)",SEX_T,Sex: Total,AGE_YTHADULT_YGE15,"Age (Youth, adults): 15+",GEO_COV_NAT,Area type: National,2020,10.217
X90,Arab League,XA:15672,X90 - ILO - ILO modelled estimates,UNE_2EAP_SEX_AGE_GEO_RT,"Unemployment rate by sex, age and rural / urban areas -- ILO modelled estimates, Nov. 2019 (%)",SEX_T,Sex: Total,AGE_YTHADULT_YGE15,"Age (Youth, adults): 15+",GEO_COV_NAT,Area type: National,2020,10.201
YEM,Yemen,XA:2190,YEM - ILO - ILO modelled estimates,UNE_2EAP_SEX_AGE_GEO_RT,"Unemployment rate by sex, age and rural / urban areas -- ILO modelled estimates, Nov. 2019 (%)",SEX_T,Sex: Total,AGE_YTHADULT_YGE15,"Age (Youth, adults): 15+",GEO_COV_NAT,Area type: National,2020,12.83
ZAF,South Africa,XA:2192,ZAF - ILO - ILO modelled estimates,UNE_2EAP_SEX_AGE_GEO_RT,"Unemployment rate by sex, age and rural / urban areas -- ILO modelled estimates, Nov. 2019 (%)",SEX_T,Sex: Total,AGE_YTHADULT_YGE15,"Age (Youth, adults): 15+",GEO_COV_NAT,Area type: National,2020,28.477
ZMB,Zambia,XA:2007,ZMB - ILO - ILO modelled estimates,UNE_2EAP_SEX_AGE_GEO_RT,"Unemployment rate by sex, age and rural / urban areas -- ILO modelled estimates, Nov. 2019 (%)",SEX_T,Sex: Total,AGE_YTHADULT_YGE15,"Age (Youth, adults): 15+",GEO_COV_NAT,Area type: National,2020,11.412
ZWE,Zimbabwe,XA:1914,ZWE - ILO - ILO modelled estimates,UNE_2EAP_SEX_AGE_GEO_RT,"Unemployment rate by sex, age and rural / urban areas -- ILO modelled estimates, Nov. 2019 (%)",SEX_T,Sex: Total,AGE_YTHADULT_YGE15,"Age (Youth, adults): 15+",GEO_COV_NAT,Area type: National,2020,4.991