Country or Area,Alpha-2 code,Alpha-3 code,WJP Rule of Law Index: Overall Score,Latitude (average),Longitude (average)
Afghanistan,AF,AFG,0.36,33,65
Albania,AL,ALB,0.5,41,20
Algeria,DZ,DZA,0.49,28,3
Angola,AO,AGO,0.43,-12.5,18.5
Antigua and Barbuda,AG,ATG,0.63,17.05,-61.8
Argentina,AR,ARG,0.58,-34,-64
Australia,AU,AUS,0.8,-27,133
Austria,AT,AUT,0.82,47.3333,13.3333
Bahamas,BS,BHS,0.61,24.25,-76
Bangladesh,BD,BGD,0.41,24,90
Barbados,BB,BRB,0.65,13.1667,-59.5333
Belarus,BY,BLR,0.51,53,28
Belgium,BE,BEL,0.79,50.8333,4
Belize,BZ,BLZ,0.48,17.25,-88.75
Benin,BJ,BEN,0.5,9.5,2.25
Bolivia (Plurinational State of),BO,BOL,0.38,-17,-65
Bosnia and Herzegovina,BA,BIH,0.52,44,18
Botswana,BW,BWA,0.6,-22,24
Brazil,BR,BRA,0.52,-10,-55
Bulgaria,BG,BGR,0.55,43,25
Burkina Faso,BF,BFA,0.51,13,-2
Cambodia,KH,KHM,0.33,13,105
Cameroon,CM,CMR,0.36,6,12
Canada,CA,CAN,0.81,60,-95
Chile,CL,CHL,0.67,-30,-71
China,CN,CHN,0.48,35,105
"China, Hong Kong Special Administrative Region",HK,HKG,0.76,22.25,114.1667
Colombia,CO,COL,0.5,4,-72
Costa Rica,CR,CRI,0.68,10,-84
Côte d’Ivoire,CI,CIV,0.46,8,-5
Croatia,HR,HRV,0.61,45.1667,15.5
Czechia,CZ,CZE,0.73,49.75,15.5
Democratic Republic of the Congo,CD,COD,0.34,0,25
Denmark,DK,DNK,0.9,56,10
Dominica,DM,DMA,0.58,15.4167,-61.3333
Dominican Republic,DO,DOM,0.48,19,-70.6667
Ecuador,EC,ECU,0.49,-2,-77.5
Egypt,EG,EGY,0.36,27,30
El Salvador,SV,SLV,0.49,13.8333,-88.9167
Estonia,EE,EST,0.81,59,26
Ethiopia,ET,ETH,0.41,8,38
Finland,FI,FIN,0.87,64,26
France,FR,FRA,0.73,46,2
Gambia,GM,GMB,0.5,13.4667,-16.5667
Georgia,GE,GEO,0.6,42,43.5
Germany,DE,DEU,0.84,51,9
Ghana,GH,GHA,0.57,8,-2
Greece,GR,GRC,0.61,39,22
Grenada,GD,GRD,0.59,12.1167,-61.6667
Guatemala,GT,GTM,0.45,15.5,-90.25
Guinea,GN,GIN,0.42,11,-10
Guyana,GY,GUY,0.5,5,-59
Honduras,HN,HND,0.4,15,-86.5
Hungary,HU,HUN,0.53,47,20
India,IN,IND,0.51,20,77
Indonesia,ID,IDN,0.53,-5,120
Iran (Islamic Republic of),IR,IRN,0.43,32,53
Italy,IT,ITA,0.66,42.8333,12.8333
Jamaica,JM,JAM,0.57,18.25,-77.5
Japan,JP,JPN,0.78,36,138
Jordan,JO,JOR,0.57,31,36
Kazakhstan,KZ,KAZ,0.52,48,68
Kenya,KE,KEN,0.45,1,38
Kyrgyzstan,KG,KGZ,0.48,41,75
Lebanon,LB,LBN,0.45,33.8333,35.8333
Liberia,LR,LBR,0.45,6.5,-9.5
Madagascar,MG,MDG,0.44,-20,47
Malawi,MW,MWI,0.52,-13.5,34
Malaysia,MY,MYS,0.58,2.5,112.5
Mali,ML,MLI,0.44,17,-4
Mauritania,MR,MRT,0.36,20,-12
Mauritius,MU,MUS,0.61,-20.2833,57.55
Mexico,MX,MEX,0.44,23,-102
Mongolia,MN,MNG,0.53,46,105
Morocco,MA,MAR,0.5,32,-5
Mozambique,MZ,MOZ,0.41,-18.25,35
Myanmar,MM,MMR,0.42,22,98
Namibia,NA,NAM,0.63,-22,17
Nepal,NP,NPL,0.53,28,84
Netherlands,NL,NLD,0.84,52.5,5.75
New Zealand,NZ,NZL,0.83,-41,174
Nicaragua,NI,NIC,0.39,13,-85
Niger,NE,NER,0.45,16,8
Nigeria,NG,NGA,0.43,10,8
North Macedonia,MK,MKD,0.53,41.8333,22
Norway,NO,NOR,0.89,62,10
Pakistan,PK,PAK,0.39,30,70
Panama,PA,PAN,0.52,9,-80
Peru,PE,PER,0.5,-10,-76
Philippines,PH,PHL,0.47,13,122
Poland,PL,POL,0.66,52,20
Portugal,PT,PRT,0.7,39.5,-8
Republic of Korea,KR,KOR,0.73,37,127.5
Republic of Moldova,MD,MDA,0.5,47,29
Romania,RO,ROU,0.63,46,25
Russian Federation,RU,RUS,0.47,60,100
Rwanda,RW,RWA,0.62,-2,30
Saint Kitts and Nevis,KN,KNA,0.63,17.3333,-62.75
Saint Lucia,LC,LCA,0.62,13.8833,-61.1333
Saint Vincent and the Grenadines,VC,VCT,0.64,13.25,-61.2
Senegal,SN,SEN,0.55,14,-14
Serbia,RS,SRB,0.5,44,21
Sierra Leone,SL,SLE,0.45,8.5,-11.5
Singapore,SG,SGP,0.79,1.3667,103.8
Slovenia,SI,SVN,0.69,46,15
South Africa,ZA,ZAF,0.59,-29,24
Spain,ES,ESP,0.73,40,-4
Sri Lanka,LK,LKA,0.52,7,81
Suriname,SR,SUR,0.5,4,-56
Sweden,SE,SWE,0.86,62,15
Thailand,TH,THA,0.51,15,100
Togo,TG,TGO,0.45,8,1.1667
Trinidad and Tobago,TT,TTO,0.54,11,-61
Tunisia,TN,TUN,0.54,34,9
Turkey,TR,TUR,0.43,39,35
Uganda,UG,UGA,0.4,1,32
Ukraine,UA,UKR,0.51,49,32
United Arab Emirates,AE,ARE,0.65,24,54
United Kingdom of Great Britain and Northern Ireland,GB,GBR,0.79,54,-2
United Republic of Tanzania,TZ,TZA,0.47,-6,35
United States of America,US,USA,0.72,38,-97
Uruguay,UY,URY,0.71,-33,-56
Uzbekistan,UZ,UZB,0.47,41,64
Venezuela (Bolivarian Republic of),VE,VEN,0.27,8,-66
Viet Nam,VN,VNM,0.49,16,106
Zambia,ZM,ZMB,0.45,-15,30
Zimbabwe,ZW,ZWE,0.39,-20,30
