Country or Area,Alpha-2 code,Alpha-3 code,Physicians,Nurses and midwifes,Hospital beds,Latitude (average),Longitude (average)
Afghanistan,AF,AFG,2.84,3.2,5,33,65
Albania,AL,ALB,11.998,35.998,29,41,20
Algeria,DZ,DZA,18.3,22.4,19,28,3
Andorra,AD,AND,33.333,40.128,25,42.5,1.6
Angola,AO,AGO,2.149,0,0,-12.5,18.5
Antigua and Barbuda,AG,ATG,27.647,31.176,38,17.05,-61.8
Argentina,AR,ARG,39.6,25.8,50,-34,-64
Armenia,AM,ARM,28.99,56.094,42,40,45
Australia,AU,AUS,35.874,126.612,38,-27,133
Austria,AT,AUT,51.441,81.778,76,47.3333,13.3333
Azerbaijan,AZ,AZE,34.466,69.621,47,40.5,47.5
Bahamas,BS,BHS,19.373,31.386,29,24.25,-76
Bahrain,BH,BHR,9.257,24.944,20,26,50.55
Bangladesh,BD,BGD,5.268,3.067,8,24,90
Barbados,BB,BRB,24.886,60.273,58,13.1667,-59.5333
Belarus,BY,BLR,40.772,114.383,110,53,28
Belgium,BE,BEL,33.234,111.011,62,50.8333,4
Belize,BZ,BLZ,11.262,16.947,13,17.25,-88.75
Benin,BJ,BEN,1.572,6.145,5,9.5,2.25
Bhutan,BT,BTN,3.715,15.094,17,27.5,90.5
Bolivia (Plurinational State of),BO,BOL,16.111,7.357,11,-17,-65
Bosnia and Herzegovina,BA,BIH,20.003,62.998,35,44,18
Botswana,BW,BWA,3.688,33.004,18,-22,24
Brazil,BR,BRA,21.499,97.083,22,-10,-55
Brunei Darussalam,BN,BRN,17.701,66.012,27,4.5,114.6667
Bulgaria,BG,BGR,39.879,53.029,68,43,25
Burkina Faso,BF,BFA,0.6,5.696,4,13,-2
Burundi,BI,BDI,0.5,6.8,8,-3.5,30
Cabo Verde,CV,CPV,7.694,12.272,21,16,-24
Cambodia,KH,KHM,1.682,9.547,8,13,105
Cameroon,CM,CMR,0.898,9.337,13,6,12
Canada,CA,CAN,26.102,99.056,27,60,-95
Central African Republic,CF,CAF,0.629,2.039,10,7,21
Chad,TD,TCD,0.475,3.637,0,15,19
Chile,CL,CHL,10.8,8.6,22,-30,-71
China,CN,CHN,17.855,23.073,42,35,105
"China, Hong Kong Special Administrative Region",HK,HKG,0,0,0,22.25,114.1667
Colombia,CO,COL,20.835,12.627,15,4,-72
Comoros,KM,COM,1.699,9.214,22,-12.1667,44.25
Congo,CG,COG,1.159,17.431,0,-1,15
Costa Rica,CR,CRI,11.497,7.957,12,10,-84
Côte d’Ivoire,CI,CIV,2.326,8.517,0,8,-5
Croatia,HR,HRV,29.962,81.134,56,45.1667,15.5
Cuba,CU,CUB,81.9,77.9,52,21.5,-80
Cyprus,CY,CYP,19.511,52.517,34,35,33
Czechia,CZ,CZE,43.14,84.071,65,49.75,15.5
Democratic People's Republic of Korea,KP,PRK,36.745,44.382,132,40,127
Democratic Republic of the Congo,CD,COD,0.9,4.7,0,0,25
Denmark,DK,DNK,44.567,103.004,25,56,10
Djibouti,DJ,DJI,2.203,5.35,14,11.5,43
Dominica,DM,DMA,10.825,58.999,38,15.4167,-61.3333
Dominican Republic,DO,DOM,15.6,3.099,16,19,-70.6667
Ecuador,EC,ECU,20.5,12,15,-2,-77.5
Egypt,EG,EGY,7.902,13.989,16,27,30
El Salvador,SV,SLV,15.69,22.78,13,13.8333,-88.9167
Equatorial Guinea,GQ,GNQ,4,5,21,2,10
Eritrea,ER,ERI,0,0,7,15,39
Estonia,EE,EST,34.651,64.526,50,59,26
Eswatini,SZ,SWZ,0.796,20,21,-26.5,31.5
Ethiopia,ET,ETH,1,8.4,3,8,38
Fiji,FJ,FJI,8.374,29.38,23,-18,175
Finland,FI,FIN,38.08,147.23,44,64,26
France,FR,FRA,32.349,96.887,65,46,2
Gabon,GA,GAB,3.611,25.806,63,-1,11.75
Gambia,GM,GMB,1.077,16.292,11,13.4667,-16.5667
Georgia,GE,GEO,50.976,40.914,26,42,43.5
Germany,DE,DEU,42.087,131.967,83,51,9
Ghana,GH,GHA,1.8,12,9,8,-2
Greece,GR,GRC,45.92,33.728,43,39,22
Grenada,GD,GRD,14.471,31.447,37,12.1167,-61.6667
Guatemala,GT,GTM,3.55,9.47,6,15.5,-90.25
Guinea,GN,GIN,0.788,3.844,3,11,-10
Guinea-Bissau,GW,GNB,2,14,10,12,-15
Guyana,GY,GUY,7.99,13.398,16,5,-59
Haiti,HT,HTI,2.345,6.804,7,19,-72.4167
Honduras,HN,HND,3.144,8.815,7,15,-86.5
Hungary,HU,HUN,32.312,66.425,70,47,20
Iceland,IS,ISL,39.701,156.806,32,65,-18
India,IN,IND,7.776,21.071,7,20,77
Indonesia,ID,IDN,3.777,20.583,12,-5,120
Iran (Islamic Republic of),IR,IRN,11.4,18.7,15,32,53
Iraq,IQ,IRQ,8.217,16.799,14,33,44
Ireland,IE,IRL,30.861,142.949,28,53,-8
Israel,IL,ISR,32.176,52.044,31,31.5,34.75
Italy,IT,ITA,40.931,58.693,34,42.8333,12.8333
Jamaica,JM,JAM,13.199,11.397,17,18.25,-77.5
Japan,JP,JPN,24.118,115.184,134,36,138
Jordan,JO,JOR,23.436,33.886,14,31,36
Kazakhstan,KZ,KAZ,32.522,84.89,67,48,68
Kenya,KE,KEN,1.988,15.421,14,1,38
Kiribati,KI,KIR,2.028,48.287,19,1.4167,173
Kuwait,KW,KWT,25.789,69.694,20,29.3375,47.6581
Kyrgyzstan,KG,KGZ,18.76,64.299,45,41,75
Lao People's Democratic Republic,LA,LAO,4.997,9.756,15,18,105
Latvia,LV,LVA,31.946,48.155,58,57,25
Lebanon,LB,LBN,22.71,26.448,29,33.8333,35.8333
Lesotho,LS,LSO,0.676,6.508,0,-29.5,28.5
Liberia,LR,LBR,0.373,1.007,8,6.5,-9.5
Libya,LY,LBY,21.581,67.416,37,25,17
Liechtenstein,LI,LIE,0,0,0,47.1667,9.5333
Lithuania,LT,LTU,43.37,79.155,73,56,24
Luxembourg,LU,LUX,30.266,123.496,48,49.75,6.1667
Madagascar,MG,MDG,1.812,1.059,2,-20,47
Malawi,MW,MWI,0.157,2.528,13,-13.5,34
Malaysia,MY,MYS,15.132,40.718,19,2.5,112.5
Maldives,MV,MDV,10.379,39.504,43,3.25,73
Mali,ML,MLI,1.393,3.82,1,17,-4
Malta,MT,MLT,38.26,89.5,47,35.8333,14.5833
Marshall Islands,MH,MHL,4.554,35.484,27,9,168
Mauritania,MR,MRT,1.79,10.341,0,20,-12
Mauritius,MU,MUS,20.246,33.831,34,-20.2833,57.55
Mexico,MX,MEX,22.478,29,15,23,-102
Micronesia (Federated States of),FM,FSM,1.923,33.19,32,6.9167,158.25
Monaco,MC,MCO,65.617,202.625,138,43.7333,7.4
Mongolia,MN,MNG,28.866,39.846,70,46,105
Montenegro,ME,MNE,23.337,57.179,40,42,19
Morocco,MA,MAR,7.273,10.979,11,32,-5
Mozambique,MZ,MOZ,0.735,4.436,7,-18.25,35
Myanmar,MM,MMR,8.64,9.794,9,22,98
Namibia,NA,NAM,3.721,27.75,27,-22,17
Nauru,NR,NRU,12.389,61.947,50,-0.5333,166.9167
Nepal,NP,NPL,6.507,26.854,3,28,84
Netherlands,NL,NLD,35.067,111.043,47,52.5,5.75
New Zealand,NZ,NZL,30.252,109.55,28,-41,174
Nicaragua,NI,NIC,10.056,15.775,9,13,-85
Niger,NE,NER,0.5,3.109,3,16,8
Nigeria,NG,NGA,3.827,14.524,0,10,8
North Macedonia,MK,MKD,28.736,37.917,44,41.8333,22
Norway,NO,NOR,46.336,181.247,39,62,10
Oman,OM,OMN,19.697,43.004,16,21,57
Pakistan,PK,PAK,9.753,5.004,6,30,70
Palau,PW,PLW,11.848,52.607,48,7.5,134.5
Panama,PA,PAN,15.699,14.1,23,9,-80
Papua New Guinea,PG,PNG,0.529,5.125,0,-6,147
Paraguay,PY,PRY,13.66,11.669,13,-23,-58
Peru,PE,PER,12.7,13.5,16,-10,-76
Philippines,PH,PHL,12.75,2.4,10,13,122
Poland,PL,POL,23.998,57.221,65,52,20
Portugal,PT,PRT,33.356,63.725,34,39.5,-8
Qatar,QA,QAT,0,66.028,12,25.5,51.25
Republic of Korea,KR,KOR,23.661,69.735,115,37,127.5
Republic of Moldova,MD,MDA,32.002,45.113,58,47,29
Romania,RO,ROU,22.586,60.979,63,46,25
Russian Federation,RU,RUS,40.139,86.212,82,60,100
Rwanda,RW,RWA,1.346,8.307,16,-2,30
Saint Kitts and Nevis,KN,KNA,25.23,39.779,23,17.3333,-62.75
Saint Lucia,LC,LCA,1.053,15.873,13,13.8833,-61.1333
Saint Vincent and the Grenadines,VC,VCT,6.587,25.801,26,13.25,-61.2
Samoa,WS,WSM,3.409,18.565,0,-13.5833,-172.3333
San Marino,SM,SMR,61.468,87.768,38,43.7667,12.4167
Sao Tome and Principe,ST,STP,3.2,22.6,29,1,7
Saudi Arabia,SA,SAU,23.9,57,27,25,45
Senegal,SN,SEN,0.692,3.129,3,14,-14
Serbia,RS,SRB,31.25,61.203,57,44,21
Seychelles,SC,SYC,9.458,32.613,36,-4.5833,55.6667
Sierra Leone,SL,SLE,0.25,9.962,0,8.5,-11.5
Singapore,SG,SGP,23.063,72.141,24,1.3667,103.8
Slovakia,SK,SVK,24.643,91.727,58,48.6667,19.5
Slovenia,SI,SVN,29.953,96.8,46,46,15
Solomon Islands,SB,SLB,1.999,21.307,14,-8,159
Somalia,SO,SOM,0.229,0.611,9,10,49
South Africa,ZA,ZAF,9.101,35.171,0,-29,24
South Sudan,SS,SSD,0,0,0,8,30
Spain,ES,ESP,40.691,55.307,30,40,-4
Sri Lanka,LK,LKA,9.58,21.155,36,7,81
State of Palestine,PS,PSE,0,0,0,32,35.25
Sudan,SD,SDN,4.1,8.3,8,15,30
Suriname,SR,SUR,12.265,40.983,31,4,-56
Sweden,SE,SWE,53.996,115.434,26,62,15
Switzerland,CH,CHE,42.363,172.828,47,47,8
Syrian Arab Republic,SY,SYR,12.2,14.6,15,35,38
Tajikistan,TJ,TJK,17.003,52.33,48,39,71
Thailand,TH,THA,8.096,29.647,21,15,100
Timor-Leste,TL,TLS,7.197,16.701,59,-8.55,125.5167
Togo,TG,TGO,0.487,2.98,7,8,1.1667
Tonga,TO,TON,5.223,39.32,26,-20,-175
Trinidad and Tobago,TT,TTO,26.697,35.093,30,11,-61
Tunisia,TN,TUN,12.722,26.351,23,34,9
Turkey,TR,TUR,17.605,26.304,27,39,35
Turkmenistan,TM,TKM,22.248,46.306,74,40,60
Tuvalu,TV,TUV,9.174,37.615,0,-8,178
Uganda,UG,UGA,0.908,6.303,5,1,32
Ukraine,UA,UKR,30.075,70.576,88,49,32
United Arab Emirates,AE,ARE,23.944,55.857,12,24,54
United Kingdom of Great Britain and Northern Ireland,GB,GBR,28.058,82.878,28,54,-2
United Republic of Tanzania,TZ,TZA,0.399,4.126,7,-6,35
United States of America,US,USA,25.948,85.5,29,38,-97
Uruguay,UY,URY,50.499,19.299,28,-33,-56
Uzbekistan,UZ,UZB,23.685,120.739,40,41,64
Vanuatu,VU,VUT,1.706,13.853,17,-16,167
Venezuela (Bolivarian Republic of),VE,VEN,0,0,8,8,-66
Viet Nam,VN,VNM,8.199,14.321,26,16,106
Yemen,YE,YEM,3.104,7.3,7,15,48
Zambia,ZM,ZMB,0.913,8.925,20,-15,30
Zimbabwe,ZW,ZWE,0.763,11.546,17,-20,30
